,key,PR
0,990,0.040477504
2,1012,0.042645039
3,103940,0.064085183
4,1039,0.050950938
6,1100,0.04719673
7,1101,0.043907129
8,1140,0.048977432
9,14875,0.065541553
10,1163,0.040477504
11,100369,0.38963100700000003
12,1186,0.060429452
13,9403,0.1397827
14,1206,0.042146170999999996
15,100350,0.100340338
16,1207,0.040477504
18,1210,0.040477504
19,58878,0.04634462599999999
20,1221,0.043720893
21,34914,0.106681535
22,1224,0.040914681
23,1215,0.040662354
24,1271,0.040477504
25,102285,0.052726732000000005
26,1274,0.040477504
27,1084,0.049260998
28,1277,0.040477504
29,1275,0.040733916
30,1283,0.041323319
31,1284,0.044758837999999995
32,1282,0.041069193999999996
33,1276,0.040683807999999995
34,1286,0.04130029
35,1288,0.041317049
41,1087,0.067445872
45,1000,0.047906312
52,44267,0.042380873
57,977,0.04285623
62,1093,0.064886262
63,1086,0.042199665
68,9393,0.056792042
73,58450,0.050601586
76,105432,0.042509542000000004
78,44260,0.159820467
81,1148,0.048932196
87,1020,0.086388782
94,52374,0.130041181
102,45727,0.06547870900000001
104,1124,0.041925578
105,1066,0.041565027000000004
107,34930,0.05647106599999999
112,1123,0.04121973
113,104534,0.043576057
115,1083,0.0561868
117,21581,0.040477504
122,1168,0.121447371
124,9195,0.07658572
126,1171,0.047902886
128,1164,0.044852625
136,58891,0.06148497
138,58927,0.043562843
140,1211,0.05129345
141,44213,0.049982825999999994
153,34932,0.06528041400000001
154,34889,0.104789621
159,1160,0.045463118
160,104561,0.047509163
162,102298,0.11127021699999999
164,102299,0.051994720999999994
170,1220,0.061508362999999996
172,102274,0.050356935
181,58882,0.042438459000000005
182,49620,0.040738397
184,58924,0.051164923
189,58889,0.041258447000000004
193,1009,0.05397922
195,1015,0.061033856
199,58886,0.04825182
204,58912,0.051033499
207,58926,0.040990289
209,1034,0.047425924
215,21340,0.06657301
216,72213,0.042007307
219,104571,0.21668204100000002
225,34916,0.050118888
227,34954,0.06917944599999999
228,49674,0.044741709000000005
229,21298,0.082734086
230,9308,0.052435144
241,52378,0.041578925
243,97850,0.071490661
247,34904,0.080984868
254,45765,0.059363254000000004
256,34861,0.110328068
259,1191,0.057369567999999996
260,34938,0.18714550800000002
267,34851,0.062234059
272,34974,0.145403493
273,34873,0.049528802000000004
277,9330,0.078304791
279,9423,0.167082793
282,97854,0.04205181400000001
288,9220,0.049248625
290,14939,0.041711232
295,104570,0.052843925
326,49691,0.044366641
328,102303,0.057996687000000005
340,49675,0.045562312
342,1001,0.056944431
346,63322,0.041312339
351,14872,0.067670595
353,9256,0.11107778199999999
354,14928,0.200016676
358,94298,0.058842958
360,14858,0.04992686599999999
365,45776,0.048062584000000005
369,1170,0.041945545
377,58884,0.041093081000000004
383,1091,0.054778674000000006
385,34970,0.04349592
386,9305,0.052953575999999995
390,21522,0.895388132
392,14849,0.041010693
393,52470,0.056602167
395,44272,0.050676594000000005
397,1114,0.049397622
401,45753,0.262293878
406,1105,0.172064406
407,58873,0.052297404000000006
408,1117,0.19268459300000002
413,9231,0.048844770999999995
415,49698,0.05360540900000001
417,21828,0.068195838
432,102307,0.043288227
435,1185,0.044922339000000006
441,1201,0.04230049
442,1165,0.044417962000000005
444,34863,0.050766482
445,66293,0.049366148
450,1107,0.05339928
454,45798,0.105281284
456,44228,0.089771924
464,52241,0.091293394
467,1102,0.103322615
468,52242,0.127558429
469,9417,0.086208324
472,44227,0.053351579
475,94310,0.088666643
476,9279,0.072189537
486,9199,0.040477504
490,992,0.042663145
493,49599,0.041893493999999996
506,9320,0.361032671
519,1060,0.049371026
523,45831,0.049645115
524,58546,0.055098626
525,14957,0.040477504
527,34971,0.045306060999999995
533,14854,0.051257124
536,9377,0.05602297
537,21399,0.063948926
543,14922,0.054129755
546,45733,0.09597092800000001
551,9384,0.040477504
558,9295,0.085849538
573,34956,0.092082049
576,9420,0.040477504
604,1082,0.048483487
606,9252,0.094054511
608,1097,0.051202062
610,21660,0.082502774
614,104564,0.043082981
638,97715,0.10235595
641,49757,0.041988233
657,58899,0.054953818
658,1006,0.050324838
660,58866,0.042329728
664,1092,0.09375235800000001
682,34975,0.056235728
683,21629,0.07661812400000001
687,9287,0.061993135
688,52249,0.158662987
693,1040,0.062027733
697,104566,0.066968739
707,9344,0.042885822000000004
719,21484,0.12011169099999999
725,21498,0.045309508
729,9236,0.100745081
730,34859,0.19740025100000003
733,34969,0.128215861
735,34987,0.045733104000000004
741,34867,0.076165685
746,1055,0.042062765999999994
749,34919,0.19573339999999997
760,104541,0.044340685
761,97791,0.042229652
769,9263,0.059726308
776,21431,0.366919929
788,52274,0.084498469
789,45739,0.091713646
795,9435,0.054221132000000005
798,9208,0.06603915099999999
801,34983,0.074138527
806,9202,0.068140481
810,9221,0.144984427
811,34854,0.047636160999999996
815,34992,0.04591854099999999
824,1173,0.043672210999999996
827,44226,0.048173900000000006
840,102293,0.041682124
842,102306,0.045256565
864,104559,0.053398615
876,14968,0.043061599000000006
877,14877,0.069941783
878,1135,0.044829846
886,45814,0.106351633
895,14883,0.051315742000000004
897,14850,0.05210933
904,58457,0.046740409000000004
908,1078,0.067132133
916,94327,0.052697812000000004
917,94306,0.220574312
927,58572,0.09639937400000001
931,1090,0.043174968
950,94314,0.048759285
953,44259,0.043062134
958,92701,0.042433535
959,97798,0.210604682
967,987,0.041653211
974,9341,0.042510199000000005
976,102275,0.04193792
977,1019,0.041150922
1000,34884,0.06169521
1009,9284,0.044771650999999996
1020,92773,0.050113613
1022,21700,0.064602311
1023,9306,0.042459432000000005
1030,45728,0.042425159000000004
1033,14904,0.044650202
1034,14827,0.074312163
1040,49834,0.048345652
1045,44252,0.06319254099999999
1046,14936,0.074003428
1050,58637,0.078990049
1055,1198,0.041388518
1062,49644,0.042171265
1075,34925,0.078718436
1084,21949,0.119622166
1111,58514,0.043313501
1122,9332,0.052401887
1134,58579,0.044160025
1142,9374,0.040785751
1146,34968,0.047775924000000004
1170,49685,0.042027842999999995
1192,44265,0.166258627
1222,21282,0.042004237
1233,993,0.042958199
1300,1152,0.040781613
1337,49696,0.046692864
1384,21395,0.132337646
1387,21400,0.065690464
1396,1016,0.042015603
1407,1007,0.052686014
1414,49650,0.043639053
1432,34915,0.052404772
1453,34945,0.08649341199999999
1460,104572,0.042444654000000005
1463,34871,0.053874926
1467,34953,0.152851825
1480,34883,0.058687468
1487,1062,0.050094742000000005
1505,34894,0.090749513
1507,63338,0.062773912
1518,9222,0.09164566800000001
1521,21281,0.046380793
1530,44269,0.048760958
1532,44239,0.043988553
1534,9300,0.042575409
1536,9203,0.10631387099999999
1537,34995,0.08612111800000001
1544,34937,0.041088155
1618,67236,0.044437878
1619,9422,0.087009136
1629,1169,0.041101509
1640,45816,0.083014136
1648,58529,0.060898474
1652,14866,0.09043125
1657,58496,0.070415326
1670,94303,0.045608385
1679,21603,0.110515949
1703,14931,0.135191505
1711,109520,0.047592246
1719,35002,0.064169155
1727,14886,0.09541987199999999
1729,1208,0.040477504
1770,34960,0.043023100999999994
1778,9245,0.050626474000000005
1780,9389,0.071722088
1788,1080,0.040587507
1790,103922,0.043019653
1795,9255,0.067135739
1824,44232,0.049668843
1846,9243,0.046010922
1865,102300,0.043396959000000006
1881,34918,0.042502150999999995
1900,1047,0.066306016
1906,9362,0.047567412
1919,9378,0.062404518
1942,9366,0.04768060599999999
1956,102282,0.049413152
1974,21777,0.041831167999999995
1980,44211,0.042197104000000006
1982,34874,0.0459313
1983,43304,0.045242039000000005
1997,97816,0.101696694
2002,105438,0.048703629000000005
2022,49718,0.040874189
2027,21302,0.044038474
2041,104557,0.040737736000000004
2047,21430,0.759831859
2055,21960,0.043704834000000005
2059,14918,0.058107822
2073,45748,0.071343171
2079,34862,0.043644114000000005
2090,97852,0.040952666
2092,1223,0.043420033
2109,102294,0.050644493
2114,21442,0.048556168
2130,21283,0.075230142
2149,35003,0.08242245599999999
2154,1285,0.042010597999999996
2175,34881,0.055050989
2176,9230,0.159623121
2212,49704,0.046256818
2223,1159,0.066281774
2232,44268,0.060926232999999996
2241,9188,0.077919768
2247,52336,0.057875802000000004
2253,66282,0.041570342999999996
2256,15010,0.040801631
2267,66296,0.051946012
2295,9290,0.043904588
2298,45804,0.085460026
2300,34958,0.048927492
2314,21541,0.126725424
2328,44249,0.060852374
2345,1150,0.058475393
2351,43265,0.066601348
2361,9189,0.053207704
2362,9200,0.04062441
2363,72303,0.046818679
2364,9201,0.062372900999999994
2365,21337,0.048930524
2366,34850,0.047481082
2367,9204,0.04072074
2368,97693,0.240293356
2369,34872,0.059053346
2371,9213,0.04315207
2372,34979,0.061676262
2373,9219,0.06105639400000001
2374,34902,0.046458757999999996
2375,35004,0.052579089
2376,9224,0.041587377
2378,9234,0.044636793
2379,9235,0.094301403
2380,9270,0.070440875
2382,9272,0.043161017999999995
2383,9277,0.09038783800000001
2384,34865,0.065758073
2385,43263,0.06649086900000001
2386,9291,0.059651365
2387,9292,0.041179741
2388,52350,0.119371326
2389,9293,0.040608739
2391,9297,0.08530181199999999
2392,9299,0.057324627
2393,34886,0.20018207
2394,9307,0.04211656
2395,9310,0.046196283
2396,9358,0.061113232999999996
2397,9312,0.065055769
2398,9313,0.059153505999999995
2399,21394,0.049142152
2400,9315,0.054686469
2401,9317,0.043796584000000006
2402,34899,0.088265161
2403,9321,0.043811561
2404,44277,0.048989857000000005
2405,9329,0.052830392999999996
2406,14846,0.063435376
2407,9338,0.047742558
2408,34900,0.079637823
2409,9345,0.05771551900000001
2410,43281,0.064887655
2411,9350,0.044830507
2412,34912,0.059483058
2413,9352,0.050059436
2414,21312,0.04635875
2415,21618,0.09223169099999999
2416,9353,0.040796095
2417,9361,0.041416461
2418,43264,0.09820522400000001
2419,9364,0.045043129
2420,52349,0.046967807
2421,43299,0.048747102
2422,9368,0.06707911
2423,9376,0.07909474799999999
2424,34933,0.13378356800000002
2425,14995,0.051659171
2426,34924,0.04923256
2427,9383,0.040688495
2428,1073,0.044697550999999995
2429,9391,0.047153325
2430,100381,0.075484512
2431,34940,0.084498431
2432,9392,0.040477504
2433,43279,0.071519584
2434,9394,0.044569196
2435,9401,0.040477504
2436,34893,0.056035552
2437,9407,0.041799987000000004
2438,9408,0.040963053
2439,9411,0.047940212
2440,34948,0.106557696
2441,21495,0.079383436
2442,9412,0.047450480999999996
2443,9414,0.116329692
2444,21757,0.07371409799999999
2445,9415,0.04266837
2446,9416,0.054049035
2447,100370,0.081335167
2448,100437,0.114765003
2449,100379,0.055226699000000004
2450,9419,0.052256454
2451,44240,0.040975362
2452,9424,0.04263739
2453,34903,0.07223739400000001
2454,44237,0.060867802
2455,9427,0.040477504
2456,78539,0.041964485
2457,9433,0.07949116099999999
2458,21602,0.122635961
2459,9443,0.040477504
2460,44236,0.055836767999999995
2461,9444,0.040477504
2462,9445,0.040477504
2464,9446,0.04240634099999999
2465,44247,0.057727959
2466,9447,0.040477504
2467,44218,0.09942510199999999
2468,9452,0.040477504
2469,9450,0.041994144000000004
2470,9451,0.041994144000000004
2477,45797,0.05614044
2478,14943,0.06347557
2480,21685,0.092578572
2481,52266,0.083361748
2483,34950,0.046035137999999996
2486,52362,0.060158364000000006
2490,9206,0.041737457
2496,104567,0.044166196
2499,34909,0.070875055
2500,34921,0.06448658
2501,21437,0.058259085
2503,34892,0.058308051
2505,9436,0.058427805
2510,21683,0.130771686
2511,52335,0.10675508
2514,34976,0.080948109
2515,9431,0.08091494
2518,9343,0.074534751
2522,21646,0.445227424
2523,21640,0.11643668900000001
2526,9337,0.064682315
2531,34890,0.20209699399999997
2532,9357,0.043677836
2535,21412,0.052450107
2539,52476,0.040864947
2548,9239,0.044280255
2550,9248,0.048575007
2551,9285,0.040968092000000005
2553,44250,0.058128154
2554,9268,0.054018569
2556,9324,0.046897635
2560,9404,0.071742515
2564,21489,0.109847535
2566,52444,0.064425898
2568,34907,0.049891427
2570,9260,0.063003482
2575,43290,0.043690375
2577,52405,0.177887851
2578,9259,0.059220755
2579,21397,0.258809334
2582,52361,0.15861483699999998
2583,21880,0.047493935
2585,21928,0.045067398
2594,52397,0.07809545799999999
2597,52425,0.060773475
2598,9281,0.047014753
2600,97763,0.046459655
2603,34939,0.05473782
2607,45749,0.050414590999999995
2608,14834,0.073894227
2609,45825,0.098338879
2610,14859,0.079383859
2613,34868,0.058567203
2615,9217,0.041419854
2617,43268,0.058225966
2618,9267,0.051564473
2621,9367,0.057658376
2625,34957,0.046037587000000005
2630,9381,0.060004512999999995
2638,9207,0.043112551
2641,21381,0.077512848
2642,21383,0.073433577
2643,9228,0.06987597599999999
2645,14823,0.07597715
2660,72239,0.045756939
2666,34885,0.042575000999999994
2677,21574,0.050396326
2681,9421,0.040707512
2684,9251,0.042789253
2687,43276,0.067415843
2689,97840,0.087702703
2690,22000,0.041901079
2693,43302,0.041449827
2694,43261,0.042917658
2696,52273,0.149126926
2700,44210,0.040912875
2702,9375,0.040868054
2708,104547,0.063096015
2710,52297,0.042784904000000006
2711,52291,0.061221964000000004
2713,34928,0.047980295
2717,9432,0.051263777999999996
2720,100374,0.317046652
2721,97747,0.055809238
2722,52348,0.071327556
2723,100375,0.07565049
2724,21561,0.07172274099999999
2725,92693,0.055797643
2728,52418,0.06188558
2733,52467,0.052565485
2735,45763,0.127124146
2742,9418,0.064777688
2748,43275,0.042402202
2749,72758,0.040557849
2755,34964,0.053919695999999996
2760,9430,0.04310369
2761,44234,0.047426248
2763,9398,0.052105825999999994
2765,9455,0.043312413
2782,34986,0.042900596
2789,21377,0.075602155
2794,34999,0.08232848200000001
2801,21765,0.066775643
2808,43298,0.052653119000000005
2811,1068,0.040968556
2813,9241,0.040757736
2816,21482,0.09531475199999999
2822,21578,0.051634452000000004
2830,34888,0.0537703
2834,52366,0.046969332999999995
2836,21439,0.144232384
2842,34985,0.05415111400000001
2862,9387,0.041015464
2866,100404,0.047459504000000007
2875,9257,0.041450997
2882,21927,0.050802029000000005
2887,9194,0.05752736
2889,97749,0.07442391
2892,21766,0.324079477
2894,21746,0.096443098
2896,52456,0.074526929
2897,21514,0.043217605
2901,52354,0.063503113
2910,34853,0.055456064000000006
2911,9354,0.05821251400000001
2918,9261,0.041939202
2926,9212,0.047576165
2934,34977,0.066863747
2948,9223,0.069135917
2953,78963,0.056957825999999996
2954,78421,0.043399639000000004
2955,100428,0.069119234
2962,34856,0.055584534000000005
2965,34962,0.053326475
2970,100423,0.13965587699999998
3003,21686,0.374591219
3006,34988,0.071070466
3016,9276,0.063684413
3033,21285,0.065607172
3037,21919,0.043923628
3043,92736,0.10105004
3044,21291,0.066581983
3054,9336,0.050532050999999995
3063,21609,0.27130266
3066,52365,0.109622045
3067,100367,0.067790084
3075,78736,0.040546003
3079,9214,0.042508897999999996
3083,9363,0.05546646
3090,21763,0.144484098
3093,52272,0.062101431
3101,34972,0.047807622
3104,100372,0.052764397000000005
3105,21304,0.04576188
3108,78696,0.042415232000000004
3110,9326,0.063304003
3117,97732,0.184730919
3119,21673,0.060019406
3122,43266,0.051479917
3133,52421,0.09396177
3135,100378,0.063455275
3141,43271,0.042364324
3142,9274,0.044577769
3148,34966,0.049616832
3150,9275,0.051516735999999994
3152,9369,0.044620632
3159,21735,0.041867313999999996
3168,104553,0.054255230999999994
3171,44225,0.050871467999999996
3184,43300,0.14160964
3212,34929,0.046269065
3218,34896,0.044012825
3221,21707,0.051030884000000006
3233,9262,0.040690305
3240,9360,0.042760793
3245,9397,0.052621997000000004
3249,9426,0.045596519
3253,44251,0.043235018
3272,21346,0.07933491200000001
3294,58468,0.043737474000000005
3340,43296,0.056133543
3343,52245,0.122006086
3347,21557,0.10377332
3351,92711,0.063500613
3384,52355,0.23998988899999998
3394,52334,0.130405944
3396,52330,0.046718973
3397,21297,0.058885247
3402,72517,0.048578149
3412,21614,0.054495454000000006
3435,9402,0.047105727
3465,97790,0.058208580999999995
3466,34908,0.045756556
3467,21622,0.056276649000000005
3477,52387,0.078916779
3494,44262,0.042465333
3501,43294,0.062949073
3512,92726,0.10130083
3538,14915,0.08412159
3562,9405,0.051015702999999996
3571,52380,0.09791173800000001
3602,1111,0.041317176000000004
3605,9253,0.040932737000000004
3608,100377,0.050635759
3612,72131,0.04148804
3629,52420,0.04905617
3640,52358,0.18843074199999998
3642,9273,0.05997121
3664,21617,0.063793009
3708,97741,0.047338252000000004
3722,21647,0.048535212
3732,44215,0.049247414
3734,43301,0.046456762
3739,52446,0.08904557699999999
3751,52392,0.075180176
3759,9227,0.11016039
3765,97846,0.041129217
3773,21425,0.06470074
3778,100440,0.042647770999999994
3781,45747,0.11791002099999999
3808,52269,0.07787944
3822,43288,0.040969196
3830,9198,0.057171368
3833,52353,0.115771285
3870,21497,0.07969019
3875,92756,0.04799111599999999
3876,100439,0.049174538
3878,21325,0.046891012999999995
3912,21465,0.151299814
3927,58580,0.090948587
3953,1273,0.040971041
3964,14824,0.054971276
3986,43293,0.04598791
3988,43292,0.084552998
4001,100382,0.418868103
4036,104568,0.05655112599999999
4092,34993,0.041161096
4230,21544,0.056387665999999996
4291,97738,0.060570023
4317,9400,0.050726796
4347,978,0.040979431000000004
4365,45750,0.205115265
4393,43303,0.043601085
4412,9434,0.059573153
4422,92768,0.19865136600000002
4425,9218,0.045852979
4446,97827,0.050069965999999994
4482,21416,0.14236202
4497,21374,0.059518576
4502,21559,0.049580183
4517,21427,0.057305435999999994
4529,21781,0.043414957000000004
4544,21750,0.083541931
4560,9301,0.043505172
4577,21410,0.06908977
4587,45827,0.125341964
4597,9249,0.047617016
4617,14907,0.181739331
4629,43260,0.048352988
4651,97869,0.162952488
4690,52292,0.088538462
4776,97848,0.041988492999999995
4824,34955,0.04385052
4925,9316,0.05840332
4931,44280,0.057274051
4964,21710,0.047707135
5003,34996,0.044570769
5031,21547,0.045117842000000005
5091,9283,0.042295022
5124,21433,0.049440837
5136,44278,0.041275602
5180,14914,0.040760562
5186,97770,0.10646711
5235,34911,0.056371896
5267,21492,0.065558848
5278,92730,0.07016895
5343,100405,0.071685012
5344,14842,0.040852761
5345,14919,0.062760053
5346,14843,0.057693808
5347,14929,0.053702599000000004
5348,14861,0.06909485
5349,14998,0.04251505
5350,14862,0.082899142
5351,14867,0.05061634
5352,14882,0.04098512
5353,14884,0.079140904
5354,14932,0.042070125
5355,14963,0.086807198
5356,15050,0.040477504
5357,14908,0.058269923
5361,14924,0.067689629
5362,45730,0.07469342400000001
5366,14944,0.041864164
5368,58568,0.049757747000000005
5369,14947,0.04293721599999999
5370,14903,0.107249013
5371,58483,0.043168069
5373,45737,0.05726747099999999
5374,15006,0.049172318
5376,45736,0.06004141599999999
5377,58492,0.041765206
5378,58541,0.042063589000000005
5383,58573,0.06419870400000001
5384,14865,0.044462329
5385,45803,0.046585102999999996
5387,14926,0.066596963
5388,14838,0.074781076
5390,45760,0.083808327
5391,45762,0.073683057
5393,14829,0.048089402
5395,58472,0.07773145299999999
5398,14870,0.04863377
5400,45795,0.162800754
5401,14860,0.047383336
5402,45807,0.11170367099999999
5405,14933,0.047817225
5406,45812,0.048552704
5409,58445,0.059396588
5410,58511,0.060822244000000004
5411,58607,0.045207172000000004
5412,45787,0.055143294
5415,14845,0.176411942
5419,58549,0.05532615
5421,14822,0.078506202
5422,58471,0.043603764
5424,14905,0.19484909399999997
5425,14839,0.120133158
5427,15044,0.060046761
5429,45742,0.060997185
5431,14832,0.10693314
5434,14900,0.04280285
5436,94311,0.076038233
5438,45726,0.071413151
5441,45719,0.040477504
5445,14826,0.11382203699999999
5446,58531,0.067636445
5450,106127,0.053346418
5451,14892,0.055450065
5458,1136,0.048112029
5459,58459,0.050342751
5461,45805,0.040477504
5463,14863,0.242614298
5465,45800,0.063896044
5466,14937,0.045756070999999995
5467,45758,0.159414883
5468,45809,0.059787394
5470,45746,0.052817502
5472,58477,0.045466629
5474,45771,0.05122180900000001
5475,14851,0.04548481
5477,58481,0.059698472999999995
5479,14917,0.082021661
5480,14840,0.087966272
5481,14946,0.04249285
5482,14930,0.07218532799999999
5484,14927,0.052212364000000004
5486,58518,0.064441032
5488,14871,0.048835515999999995
5495,58553,0.072489254
5498,58449,0.080701051
5500,9373,0.099769717
5502,58583,0.050790827999999996
5503,45784,0.050022198
5513,45743,0.057904667
5516,14869,0.106219816
5519,45791,0.068848943
5522,15005,0.041964284000000004
5523,15001,0.044145042999999995
5524,58562,0.041153469
5526,1147,0.04480797
5528,58475,0.054104595
5533,45823,0.05722624
5535,44229,0.049934393
5536,45783,0.046611612000000004
5539,14956,0.06327564
5544,14896,0.076386544
5547,14950,0.04332078599999999
5549,15003,0.049705849
5552,15014,0.041121007
5554,58484,0.050295435
5555,15043,0.10764702599999999
5557,45781,0.046494808
5559,58570,0.042042839000000005
5566,14916,0.061422435
5570,94295,0.061512141
5573,14912,0.043162927000000004
5575,14951,0.040477504
5585,45824,0.051559635
5589,14825,0.07533839999999999
5594,45751,0.043354467
5596,14961,0.043580694
5603,14921,0.050448308
5604,14868,0.067076904
5609,45826,0.047943251
5615,58577,0.050467429
5621,1072,0.040591149
5623,58544,0.040958589
5632,14864,0.047797834000000004
5633,58465,0.043800399000000004
5638,15023,0.09554811099999999
5650,58581,0.044527568
5651,58500,0.046226655
5655,14855,0.041023289
5656,14857,0.063218753
5665,45723,0.05964949
5670,58584,0.088257635
5676,14876,0.05386769
5680,14895,0.042208135
5683,58532,0.064959794
5685,94308,0.10838285
5692,45775,0.05615103
5698,14874,0.041243237
5700,45779,0.05146207
5702,14948,0.045852206
5703,58527,0.049634105
5704,58542,0.05397509
5713,45810,0.059331558
5720,58551,0.048189342999999996
5725,58574,0.054374392
5731,58498,0.046234129000000006
5734,14934,0.047198894000000005
5746,58462,0.043672011
5749,58463,0.048180653
5758,14880,0.052619675
5759,44223,0.042831821
5761,14879,0.04141851
5763,45822,0.11064504900000001
5777,58522,0.053297932
5785,45801,0.058231022
5792,14935,0.043525941
5799,15007,0.056040822000000004
5812,49662,0.048140372
5815,45761,0.062721256
5820,45767,0.070716209
5825,45729,0.040477504
5827,58447,0.045655613
5830,45780,0.042379414000000004
5840,9210,0.050694807
5847,45738,0.049374135
5848,45815,0.106320644
5850,45757,0.048756719000000004
5851,45793,0.058571276
5866,58452,0.09220720199999999
5867,58501,0.050530307000000003
5870,34931,0.047240826
5876,45735,0.05062723
5879,58548,0.063383887
5897,58503,0.044373025999999996
5914,58519,0.050882147999999995
5938,58466,0.050828475
5952,14890,0.063594318
5968,49666,0.046425500999999994
5995,58480,0.044648277
5996,45806,0.048682333
6013,58485,0.043146789000000005
6018,58469,0.06547296799999999
6053,45821,0.05225895
6055,94307,0.102423871
6091,45756,0.045155052
6105,14856,0.052858742
6115,58547,0.067753064
6133,58461,0.043562548
6135,15000,0.050171441
6164,14979,0.053189467000000004
6167,58460,0.051717602
6170,14990,0.040898834
6194,58566,0.040477504
6214,45817,0.060772327
6216,34870,0.040754177
6224,49791,0.043680900999999994
6231,45778,0.054688569000000006
6254,14837,0.041532211
6264,14898,0.057026515
6267,14987,0.046488910999999994
6283,58489,0.043248252
6292,45796,0.049706942999999996
6295,58523,0.050184085
6313,45790,0.048812118
6340,58509,0.042575324000000005
6355,45786,0.04117693
6356,45745,0.05539106
6361,58453,0.041025522
6390,94305,0.040610671
6402,14873,0.061953892999999996
6405,14923,0.041550286
6429,14977,0.043129324000000004
6441,58558,0.047629023
6470,14958,0.04606977599999999
6525,58456,0.043260309000000004
6532,45725,0.047579707
6550,58619,0.041206169
6562,14969,0.050906302
6584,45828,0.056696379000000005
6586,15008,0.041558721
6640,14991,0.044085814
6684,45766,0.052832859
6731,94304,0.043444921
6744,58448,0.045761570999999994
6767,14976,0.042173084000000007
6791,45794,0.061071285
6802,45718,0.052421849000000006
6812,15009,0.048688352000000004
6813,58539,0.041147601
6817,94329,0.045582887
6833,44274,0.052862084000000004
6862,14853,0.047514727
6899,58565,0.050965573
6914,58454,0.042302528
6934,58455,0.043260136
6989,14973,0.05684643
7221,15026,0.043725404
7229,58491,0.040837492999999996
7271,58490,0.058487348
7410,14942,0.042216752
7417,9282,0.046828062000000004
7437,58521,0.040866799
7464,94296,0.049228944000000004
7526,58534,0.04141515
7555,1137,0.0471075
7556,58464,0.041822155
7697,14888,0.0452759
7715,45740,0.042137319000000006
7721,14878,0.046064857
7767,14962,0.042864368
7819,58513,0.04588957
7828,45789,0.042494357
7853,15004,0.041515971
7856,45731,0.044380771
7922,118677,0.046389982999999996
7946,72299,0.068822215
7948,21289,0.046936217
7949,21310,0.043522074
7950,97697,0.065738731
7951,21313,0.040477504
7952,97808,0.055643795999999995
7953,21326,0.040477504
7954,21330,0.040566925
7955,21336,0.065790394
7956,21344,0.040477504
7957,21347,0.04613599
7958,100364,0.048158063
7959,21348,0.040477504
7960,21349,0.064323057
7961,100363,0.045415997
7962,21354,0.06387259099999999
7964,21360,0.040477504
7965,21363,0.040502801
7966,100442,0.044242637
7967,21382,0.041302086
7968,21391,0.040477504
7970,21392,0.040477504
7971,21401,0.046291195
7973,109834,0.049139024
7974,21403,0.066404153
7975,21405,0.10799986800000001
7976,21411,0.049655697
7977,97775,0.071461652
7978,21415,0.043522149
7980,21420,0.068686006
7982,21422,0.096879378
7983,21440,0.040477504
7984,21447,0.046579950999999994
7986,21449,0.050268172
7987,100348,0.079135525
7988,21456,0.042270630999999996
7989,21466,0.050080430999999995
7990,97784,0.102488858
7991,21469,0.040891397999999995
7992,21472,0.042981016
7993,21488,0.046497526
7994,21491,0.043755749000000004
7995,100354,0.041860777
7996,97786,0.129976258
7997,21501,0.052795762999999996
7998,21510,0.058262611
7999,21515,0.060558272
8000,21517,0.044565314
8001,21526,0.040835077000000004
8002,21530,0.050995349
8004,21537,0.040521267
8005,100380,0.040952365
8006,21538,0.043237105
8007,21539,0.044193895
8009,21605,0.061428502999999995
8010,21542,0.040477504
8011,97701,0.113056257
8012,21549,0.051481180999999994
8013,21556,0.05603647
8014,97870,0.044534087
8015,21575,0.04219404
8016,21577,0.069329422
8018,21587,0.040477504
8019,21588,0.040477504
8020,21582,0.059827213
8021,21596,0.040477504
8022,21606,0.06687847400000001
8023,21619,0.040477504
8024,100409,0.048238037000000004
8025,21620,0.042728208
8026,21648,0.065542109
8027,21657,0.042506710999999996
8028,21658,0.051546382
8029,21662,0.061647647
8030,21663,0.040477504
8032,21666,0.05657942
8033,21678,0.070063794
8034,21684,0.05668353
8035,100393,0.089536512
8036,21691,0.078138113
8037,21728,0.040564599
8038,21738,0.056234915999999996
8039,21740,0.066230704
8041,21749,0.07506312799999999
8042,21751,0.045298213
8043,97750,0.049127088
8044,21756,0.058627889
8045,21762,0.088781803
8046,21767,0.051388242
8048,21780,0.040477504
8050,21796,0.040672328
8051,21802,0.050564102
8052,100388,0.06845839999999999
8053,21804,0.047651442
8054,21807,0.045899625
8055,100355,0.136723141
8056,21808,0.04238563
8057,21812,0.040477504
8058,97839,0.059344032000000005
8059,21816,0.056640402
8061,21827,0.047330206
8063,21829,0.040477504
8064,21464,0.04274519400000001
8065,21830,0.041757366000000004
8066,21852,0.040578585
8067,97755,0.057927175
8068,21855,0.044863583
8069,63305,0.06283021400000001
8070,21858,0.040477504
8071,97760,0.051611014000000004
8072,21884,0.040477504
8073,21912,0.040477504
8074,21922,0.041753916
8075,21951,0.040556481
8076,21964,0.040477504
8077,21965,0.040477504
8078,21966,0.040477504
8079,21654,0.048205070999999995
8080,21982,0.05052012
8081,21987,0.041373727
8082,21999,0.040477504
8084,52254,0.276585317
8086,21653,0.063905691
8087,52264,0.104268132
8089,21338,0.074376197
8092,52435,0.12846138199999999
8094,21315,0.052954533
8098,21689,0.080370989
8099,52320,0.059419087
8102,52263,0.11731619900000001
8104,21764,0.184376342
8105,97867,0.10128283699999999
8107,21388,0.059710089
8108,52244,0.058318460999999995
8109,21639,0.063609903
8110,21687,0.060982345
8112,21308,0.043625987000000005
8113,21513,0.05790759400000001
8115,52313,0.043590748
8116,52331,0.050640055
8119,72038,0.042823837000000003
8121,52277,0.083613736
8122,21667,0.041599151
8123,92709,0.05230110599999999
8124,21623,0.083858027
8126,21367,0.055791720999999996
8128,52384,0.072787885
8130,52411,0.047429664
8134,52472,0.070121435
8135,71954,0.041266919
8137,97718,0.054665755999999996
8139,21471,0.058609925
8140,34989,0.057112625
8142,34897,0.057696603
8143,21509,0.059543432
8144,97725,0.067375881
8147,52432,0.045817678
8148,52312,0.049905160999999996
8150,52305,0.068175207
8151,100392,0.083751644
8153,92734,0.047119398
8154,100396,0.048382500999999994
8155,52295,0.077069576
8156,72777,0.063629508
8158,52356,0.053137813
8160,97757,0.08707402
8161,52298,0.13724713
8163,52426,0.080744227
8164,52340,0.104722989
8166,21736,0.040735802
8167,52464,0.044394626
8168,97826,0.051321354000000007
8170,21598,0.041385307999999996
8172,21524,0.048786464
8173,52300,0.057052452999999996
8175,21566,0.05338224
8177,63409,0.048963205999999995
8180,21760,0.060351535
8181,63312,0.24300802
8183,97807,0.081416856
8184,21562,0.052870209
8185,21567,0.055843647
8186,97758,0.071606458
8187,21307,0.040724331
8188,21568,0.048423497999999995
8191,52457,0.081039365
8193,21453,0.057075224
8198,97727,0.043666974000000004
8201,21380,0.043371979000000005
8202,21592,0.131390866
8203,97700,0.07319197200000001
8205,21475,0.094548207
8210,52299,0.08757091800000001
8214,21359,0.063587902
8215,100422,0.088201424
8217,97815,0.070478367
8218,52442,0.054057949
8220,21418,0.069055952
8223,52465,0.113910098
8225,52247,0.041579085
8227,97773,0.042209084
8228,97751,0.06951255099999999
8230,52455,0.12129265300000001
8231,52290,0.052987714000000005
8232,52252,0.053811677999999995
8234,21711,0.041621688
8236,52436,0.041263127999999996
8237,52481,0.061322821
8238,100430,0.149902916
8239,21352,0.04712076900000001
8241,52257,0.054208152
8243,21594,0.05398297
8245,21432,0.050985382999999995
8246,21621,0.04199805400000001
8248,21301,0.053097315
8249,21718,0.08236459900000001
8251,52417,0.07264934599999999
8252,52463,0.043808060999999995
8256,21479,0.081761215
8258,52474,0.053615402
8259,52248,0.064584749
8260,92785,0.054092099000000005
8262,21406,0.126422665
8264,52439,0.08086320599999999
8265,92775,0.050920917999999996
8267,21389,0.06481832900000001
8268,21792,0.041515096
8269,21708,0.052741899
8270,52321,0.041793284
8273,21628,0.048996519
8274,100436,0.041237089
8276,92741,0.05061124400000001
8280,52368,0.040920967999999995
8284,100416,0.052147152999999995
8288,92728,0.043551615
8291,97711,0.20238209399999998
8292,52423,0.064560411
8294,52438,0.08729778199999999
8297,21671,0.050050827
8298,21625,0.055902007000000004
8301,100359,0.054103097
8304,21693,0.043224318
8306,21793,0.053505098
8309,21424,0.067310032
8311,21339,0.056925732
8313,21871,0.041007642000000004
8315,52448,0.083223752
8316,21551,0.101850762
8317,52373,0.11115018
8318,21441,0.100194395
8319,21445,0.046926357
8321,21607,0.066939813
8324,21569,0.050752353
8326,21476,0.04900843
8327,21564,0.044242407000000004
8328,52311,0.08736833
8329,21573,0.043261372
8331,21695,0.052161220999999994
8332,52303,0.068596528
8334,97721,0.054147488
8337,21327,0.045572641
8338,21288,0.046254532
8340,52434,0.041389482000000005
8342,63410,0.053497487999999996
8344,21923,0.047974788
8346,21393,0.049542085
8347,21342,0.043654452
8348,21570,0.05644861
8349,21423,0.041860827999999996
8351,21280,0.04811432400000001
8352,52389,0.07430291
8355,21940,0.045203337
8356,52445,0.040642596
8358,52449,0.133835034
8359,21768,0.041521554
8361,52351,0.05532951
8364,100383,0.056140682000000004
8367,52276,0.05289941099999999
8368,21822,0.058833684000000004
8369,21761,0.153366745
8371,72071,0.040477504
8373,21717,0.040598949
8375,52250,0.050370776
8377,52390,0.041087082999999996
8379,21907,0.061008839
8380,21895,0.064224154
8382,21642,0.068446125
8384,21372,0.042013774000000004
8386,97817,0.07848142799999999
8390,52452,0.049656059
8392,21480,0.115365637
8396,21457,0.064014321
8397,97702,0.157044554
8399,21906,0.04173798
8400,21450,0.048833605
8403,52318,0.049833099000000006
8405,21369,0.048400212000000005
8410,100412,0.040651712
8412,52328,0.067310895
8413,92682,0.055436685
8414,52407,0.044697337999999996
8416,97847,0.09963493
8417,21371,0.046082671
8419,21426,0.066793214
8420,21636,0.060858594
8422,52309,0.043820165
8425,92745,0.051837027
8426,52306,0.057088534
8427,97767,0.054037773
8428,100365,0.056202586
8430,71950,0.043455465
8432,71822,0.047657699000000005
8433,97857,0.041657156
8434,72023,0.044698144
8436,97768,0.043681652
8438,21523,0.054340779000000006
8440,21358,0.041491157
8444,21534,0.04421217400000001
8449,21649,0.085707146
8451,52253,0.057885019
8453,21704,0.051401145
8454,21455,0.109934154
8459,97820,0.041521871
8460,97698,0.044575987000000004
8462,92687,0.076750205
8467,92720,0.05687501
8469,52314,0.050979073
8471,52480,0.045524256
8475,52471,0.042579567
8479,52422,0.052408141
8480,21419,0.051513381
8482,21478,0.042483232
8484,21520,0.062290593
8486,21702,0.081986221
8488,97692,0.045616309
8490,52424,0.059678311
8492,21518,0.048967297
8493,97724,0.041034596
8495,92791,0.068270292
8496,21633,0.04096688
8498,21615,0.041293005
8500,21961,0.06267106900000001
8501,92703,0.044100615999999995
8503,21715,0.059569818
8504,21719,0.043712443
8505,72650,0.041518152
8507,34952,0.049867000999999994
8510,21502,0.044904375
8512,97841,0.055454134
8516,21459,0.048792225
8519,52246,0.054524225
8520,97726,0.041467948
8523,21604,0.076766322
8527,21552,0.045574962999999996
8528,21546,0.042998385
8534,21755,0.041553223
8535,109848,0.049964322
8537,21487,0.042808029000000004
8539,92748,0.046169084000000006
8541,100429,0.053612207
8542,21361,0.041244192
8545,21490,0.042108646
8546,21754,0.06963746900000001
8547,21635,0.060415624
8555,72353,0.042316029000000005
8557,52302,0.090473195
8563,21775,0.059194939
8565,21730,0.042775312
8566,21493,0.072287207
8567,21396,0.040759037000000005
8575,71910,0.04100214
8577,92786,0.083706886
8578,97765,0.061658788
8586,52371,0.063807818
8590,92766,0.048184406
8597,21436,0.051023480999999996
8599,52319,0.044426633
8602,97830,0.042431863
8605,97769,0.042669605
8607,21813,0.050087019
8609,72779,0.050078824
8617,92759,0.047285020999999997
8621,92764,0.040866881
8629,21611,0.052337572
8631,52479,0.06040137
8633,49618,0.043361724000000004
8635,72743,0.041962413
8637,63379,0.041159251
8639,21854,0.043579558
8647,21558,0.064583565
8653,21345,0.054149788
8654,52406,0.047557695999999997
8657,52342,0.076626786
8659,52243,0.17010305399999998
8662,21595,0.042193785
8670,21580,0.047428572999999995
8676,21934,0.05133496
8677,52458,0.04104691
8680,97743,0.06771542
8689,21421,0.041467298
8691,97684,0.058377757
8706,21986,0.049572465999999996
8708,92689,0.08319051200000001
8710,21468,0.057056973
8715,52459,0.06796147
8716,21651,0.061275614000000006
8720,97832,0.068705911
8723,52352,0.062058645
8735,52261,0.060191134
8752,21550,0.070780779
8754,109821,0.04300954
8759,52451,0.076344056
8771,21481,0.042668530999999996
8775,71856,0.040738323
8786,21632,0.049647437
8788,21608,0.042644254000000006
8790,1057,0.041154366
8800,52324,0.062655549
8811,21600,0.041008857
8815,100387,0.067943965
8823,72712,0.041857293
8824,72722,0.041808673
8825,72726,0.043927814
8830,21599,0.053834795
8831,72351,0.04107341
8833,21705,0.047214825
8837,21741,0.040587427999999995
8846,72519,0.042151445999999995
8849,21752,0.042201267
8852,52376,0.043679494000000006
8855,52284,0.048750120999999993
8857,34913,0.06611144299999999
8860,72036,0.053322645999999994
8864,21572,0.060100987
8867,52402,0.054848653
8870,21343,0.116048618
8878,63438,0.042562157
8879,63454,0.041981533
8880,52287,0.04269544
8891,72751,0.041898651
8899,97710,0.040953592999999996
8904,21677,0.040629761
8905,21506,0.044548745
8913,21958,0.040703291
8917,52478,0.04156194
8931,52385,0.07281428
8938,52370,0.07213756
8942,97780,0.058846555999999994
8966,1036,0.048905165
8968,21712,0.060684071
8982,100399,0.044678235999999996
8987,52359,0.046174168
9003,97729,0.044050785999999995
9011,21323,0.041499345
9023,97781,0.063632462
9027,92727,0.046682962
9031,21593,0.046259090999999995
9032,52367,0.043265534
9040,52256,0.044852225
9049,21583,0.041296616
9054,52357,0.050374218
9058,52345,0.042920617
9066,21721,0.061470243
9069,21898,0.04818038
9079,21616,0.04767537
9083,63378,0.047861382
9085,72216,0.041487616
9086,92696,0.042908968
9088,21713,0.05786982
9090,63389,0.04324417
9101,100376,0.065244977
9102,21385,0.04098739
9105,109190,0.051444950999999996
9114,52473,0.046851683
9117,34882,0.050422322
9120,21631,0.045519761
9132,97756,0.053864662
9135,52255,0.047400831
9144,100397,0.040962412000000004
9146,21414,0.052289154000000004
9149,21443,0.046774017
9150,100389,0.042183088
9158,72565,0.046241147
9159,21697,0.047633898
9166,21758,0.058954915
9173,52294,0.064953355
9176,92732,0.058981197
9185,21486,0.040951184
9190,21438,0.053455125
9192,72192,0.040923943
9195,92739,0.048091392999999996
9198,21444,0.06249342
9207,21324,0.041028668
9209,100438,0.047493949
9219,21328,0.079653389
9221,72347,0.040477504
9225,21963,0.041391278
9229,72591,0.044539025
9231,21692,0.043298183
9240,100356,0.083722677
9242,21874,0.046020432
9273,72164,0.043575562000000005
9274,71838,0.040551198
9276,63398,0.042278372
9278,63437,0.040571045
9281,97855,0.05603163
9285,21841,0.040576819
9288,21584,0.042902329
9296,92763,0.044202182
9303,21714,0.049464720999999996
9327,72226,0.047451957999999995
9329,21929,0.042056775
9334,21670,0.04690145
9341,21900,0.040907801
9345,21824,0.043836504000000005
9349,21634,0.047828162
9358,72288,0.049701300999999996
9362,72044,0.041600116
9364,71852,0.041807627
9366,100424,0.053924904
9370,52301,0.048913207
9372,72012,0.040905891
9376,97819,0.043432107000000005
9381,92754,0.040725725
9384,63459,0.042784219000000005
9385,63460,0.044554937
9387,109846,0.041937904
9390,97714,0.08574997300000001
9396,21921,0.04217165
9403,21528,0.043925315
9414,21579,0.041002033
9424,72794,0.042323822999999997
9436,52296,0.053039308
9444,21585,0.050645197999999995
9448,21889,0.040588439
9456,52443,0.041210092999999996
9471,97779,0.051934442000000004
9472,21978,0.042471155999999996
9502,52251,0.168619352
9513,21734,0.04403809400000001
9519,21716,0.04142358
9522,52441,0.040617093
9525,52322,0.056288181
9563,21379,0.045521629
9572,52453,0.041359894
9574,52466,0.048579102
9593,97735,0.04056482
9604,52364,0.057614723
9607,71877,0.04226234
9627,21429,0.074235755
9653,21627,0.052289842999999996
9661,52315,0.040844989
9684,52317,0.044040649
9716,21548,0.043876054000000005
9727,100366,0.061483649
9731,21525,0.081899431
9741,21355,0.04728814
9743,100432,0.0413302
9763,21669,0.043547599000000006
9766,52413,0.043514236
9779,9242,0.045050587
9786,9428,0.04303126
9806,52268,0.044589695
9818,9413,0.043303638
9863,21467,0.047290270999999995
9870,92698,0.06883054599999999
9879,21350,0.041671823999999996
9884,21500,0.047280507
9886,97785,0.066451572
9890,92762,0.050751965
9902,97717,0.086153695
9916,21362,0.08040253900000001
9922,21732,0.042703081
9952,97777,0.085385893
9959,100385,0.058964379000000004
9967,52363,0.04401004
9981,21918,0.050538052
9982,52260,0.04619279900000001
9994,97806,0.047952000999999994
10011,63402,0.041808798
10012,100360,0.042836316
10017,21322,0.043409301
10029,21872,0.041658024
10039,52289,0.054703998
10050,52285,0.042896200999999995
10060,21988,0.041315185
10067,63309,0.041836427999999995
10069,100400,0.088096724
10071,21815,0.044014237000000005
10075,97871,0.042428508
10079,21887,0.040477504
10085,72728,0.054475040999999995
10087,97703,0.064846463
10102,21833,0.049293908
10105,21876,0.042439026
10111,21477,0.041655842
10119,21836,0.040821987000000004
10127,72527,0.04303239
10143,97709,0.042009899999999996
10183,92733,0.041694273
10187,63449,0.049712449000000006
10191,52369,0.040896174
10206,21774,0.041345436
10208,100434,0.041940361
10212,21597,0.067093288
10222,21890,0.047233887999999995
10266,21977,0.051258472
10271,71958,0.041694732000000005
10301,92787,0.046796107999999996
10328,72215,0.04058326
10339,21661,0.047836854000000005
10432,21720,0.050733195
10488,21709,0.048152854
10496,97824,0.047015760999999996
10504,100361,0.066066872
10508,21753,0.045710268
10526,92721,0.04204834
10538,1162,0.05942106
10579,52437,0.0631405
10580,72646,0.051360275999999996
10584,21351,0.04182454
10596,52329,0.044522897
10611,21972,0.044220635
10643,97831,0.041574738
10652,21527,0.060418324
10689,21698,0.043791454
10692,63456,0.049081972
10701,63368,0.040562383
10708,52416,0.049189843
10729,21610,0.040998643
10852,97744,0.045148632
10864,21992,0.040569724
10878,52323,0.052732833
10933,92712,0.042857187000000005
10941,21656,0.048652664000000005
10947,52428,0.040906293999999996
10948,52259,0.044415947000000004
10973,63423,0.05294532
10989,21601,0.051053545
10998,72013,0.043799292000000004
11012,72362,0.050499693
11026,72742,0.04254296
11038,63434,0.056123447
11039,71934,0.068185124
11042,67397,0.041251067
11045,63384,0.047062007
11055,21839,0.05987834
11078,34984,0.044101158
11126,21985,0.049900157
11128,100398,0.044635743
11152,97759,0.042683879
11162,63341,0.045579357
11165,63385,0.053590932
11211,21428,0.04975863
11278,72561,0.04558523
11391,52344,0.040513726
11397,52316,0.042144337999999996
11415,100403,0.044986146
11458,92708,0.043751637999999995
11461,21543,0.044544612000000004
11473,21776,0.041773312
11484,72748,0.086544024
11509,9347,0.043445810999999994
11575,97752,0.053748915
11593,21576,0.047321555
11633,9319,0.042123525999999994
11693,52410,0.045084057999999996
11747,52475,0.043275189000000006
11748,21679,0.047781339000000006
11799,21463,0.049558797
11813,21680,0.044739968
11834,109824,0.040532575
11854,52288,0.043480838
11924,100395,0.045364607
11968,92729,0.046201238
11969,72563,0.049453675
12121,72721,0.040803029
12160,63433,0.041189991
12205,72366,0.040760147000000004
12294,21896,0.044711274
12295,71999,0.04304452
12316,21706,0.043205982000000004
12519,97706,0.043270989
12544,72211,0.043010426
12579,52403,0.043655427999999996
12586,21521,0.041949535999999996
12619,100413,0.045136824000000006
12650,21637,0.041424839
12794,92717,0.043488199000000005
12910,97844,0.044755567
12920,97825,0.05235344
12925,21299,0.043966032
12930,72321,0.040701875
12953,21891,0.04154056
12972,34880,0.043785955999999994
12985,21473,0.041478739
13036,72200,0.041280827
13081,63323,0.047025782
13117,72535,0.040477504
13123,112985,0.040739407000000005
13128,52372,0.045439369
13143,97687,0.044919296
13159,21398,0.054559433
13220,92755,0.040685497
13239,34857,0.040477504
13240,21366,0.04499790000000001
13241,21368,0.040477504
13242,104573,0.052652838
13244,9370,0.052521793
13249,34848,0.042753038
13251,9286,0.041922253
13266,34923,0.040477504
13268,9296,0.041467888
13277,44212,0.040477504
13279,9340,0.042647724000000005
13283,34982,0.043780701
13285,9240,0.04989475
13308,34906,0.040685543
13321,44222,0.058249537000000004
13323,9388,0.068743662
13325,104522,0.056243096
13331,1076,0.040477504
13336,49714,0.041557575
13340,34961,0.080098096
13355,78720,0.043684031
13371,34927,0.047571774000000004
13378,43270,0.044267127
13408,34994,0.042070872999999995
13423,104574,0.04285468
13428,104569,0.041039328
13429,9365,0.042516722
13442,44261,0.041335156
13467,9385,0.040669343999999996
13548,34922,0.041544408
13571,9331,0.041836147000000004
13585,9289,0.040885844
13633,34855,0.040819412
13640,34869,0.04786066
13750,21284,0.04202621
13775,9339,0.040636597999999996
13786,35001,0.041603385
13790,63354,0.045164532
13793,44254,0.040477504
13853,9380,0.04154906
13879,102280,0.04068773
13881,58875,0.055582267000000005
13883,44219,0.042971851
13884,44224,0.043805987000000005
13885,102286,0.041270092
13895,994,0.045275914
13897,102287,0.056142805999999996
13899,58877,0.062403001
13901,58907,0.048329529
13909,78987,0.04937645400000001
13911,1075,0.051403030999999995
13912,94320,0.080210978
13913,94309,0.04234536
13914,94324,0.047924925
13929,1113,0.04206709
13946,1003,0.040705178
13958,1032,0.045837545
13969,49710,0.042411514000000004
13998,43267,0.040656665
14005,43273,0.041122271
14006,43283,0.042508686
14018,34946,0.04955873
14062,9371,0.042946408
14091,1112,0.043221657999999996
14092,44264,0.046055023
14093,44284,0.040477504
14094,44282,0.041385799
14101,44241,0.042669668
14104,44256,0.043873613
14107,104540,0.040928373
14110,1109,0.058461908
14111,44255,0.049123581
14114,1104,0.04116417
14116,34876,0.056946725999999996
14117,43278,0.040477504
14136,44279,0.055150516
14140,44216,0.04301298
14141,44230,0.04301298
14144,1216,0.041644814
14150,44253,0.041998615999999996
14152,1103,0.044003512
14157,44266,0.046941487999999996
14160,44273,0.043841819000000004
14162,49627,0.040852017000000004
14166,9386,0.048458809000000005
14200,104542,0.042477412
14240,78774,0.041735166000000004
14338,44245,0.04145187
14376,9232,0.044012395999999995
14383,45722,0.04219595
14384,45724,0.040477504
14385,14949,0.045676645999999994
14386,14887,0.043089563
14387,45734,0.040477504
14388,45741,0.040477504
14389,45820,0.051367627
14390,45755,0.045991400999999994
14391,45764,0.050955914000000005
14392,14945,0.05531821
14393,45769,0.040477504
14394,45770,0.04073249
14395,45772,0.040477504
14396,45785,0.040477504
14397,14966,0.041574761
14398,45802,0.040477504
14399,94313,0.043331431
14400,14941,0.042767664000000004
14401,45811,0.043640179
14402,45813,0.04091063
14407,58524,0.04331235
14416,58508,0.041711517999999996
14419,1144,0.041907104
14426,14996,0.049127555
14429,1077,0.059985004
14440,45830,0.04336351
14443,58536,0.040942384
14447,58567,0.050543591
14451,14971,0.04414415
14452,58506,0.040798743
14473,14913,0.049617592
14496,14836,0.043105129000000006
14510,78503,0.040807376
14514,58554,0.043245462
14534,58643,0.042807183
14567,45773,0.045461132
14574,14889,0.043118519
14594,9271,0.044255447
14635,58543,0.042864342
14656,58578,0.040477504
14701,14910,0.041597645
14756,21996,0.040636359
14759,9303,0.040862438
14766,14909,0.040625612
14777,14899,0.041058753999999996
14851,15038,0.042731063
15040,49615,0.051756675999999995
15041,49616,0.041175351
15042,49610,0.045558955
15043,49646,0.040477504
15044,49670,0.043372796
15045,49676,0.040477504
15046,1028,0.041877053
15047,49687,0.040477504
15048,49719,0.042760157
15049,49808,0.040477504
15050,49824,0.040477504
15051,49845,0.040477504
15052,49859,0.040477504
15053,49863,0.042470423
15060,34905,0.041975589
15070,78689,0.055670627
15078,1189,0.040477504
15083,49604,0.041850548
15088,58905,0.045010127000000004
15090,103941,0.046955387
15098,49804,0.041570868
15103,102295,0.046317254
15109,1118,0.041865471
15113,1043,0.041543719
15119,105440,0.041864891
15130,58897,0.06496753799999999
15139,49608,0.045988861
15141,58921,0.040477504
15145,1134,0.042205173
15157,49813,0.04141447
15161,49688,0.04054335
15163,49689,0.041804877000000004
15166,49854,0.041049095
15169,49857,0.042226285
15207,58918,0.050879555
15210,58896,0.045049099
15225,49651,0.046606722999999996
15228,1218,0.041241968
15257,1029,0.045343567
15298,92705,0.04305736
15299,52262,0.044540569
15300,100349,0.044765676
15301,52275,0.040902689
15302,52282,0.040566449
15303,21659,0.053073429000000005
15304,78536,0.042981955999999995
15305,52293,0.040477504
15306,52304,0.040477504
15307,52325,0.05849965
15308,52327,0.048717965
15309,52332,0.041390694
15310,52347,0.040477504
15311,97829,0.089398585
15312,97691,0.07017992
15313,52360,0.041060072
15314,97843,0.045236342
15315,52375,0.040477504
15316,71858,0.040593783
15317,52381,0.040477504
15318,52382,0.040477504
15319,52409,0.042321297
15320,52433,0.040477504
15321,92715,0.043119977999999996
15322,52440,0.041286832999999995
15323,21293,0.042655052
15324,52469,0.040477504
15330,63440,0.041171691
15331,63439,0.042570587
15332,63364,0.040717915
15334,21516,0.041423456000000004
15335,72567,0.041363629
15336,21688,0.050056276
15337,52310,0.044114653
15339,63334,0.040700758999999996
15343,21722,0.043166862
15346,52431,0.040532172000000005
15353,21729,0.042656694
15355,9318,0.04130374
15361,52338,0.048533719
15369,97734,0.048380251
15371,21674,0.053374095999999996
15372,97809,0.042532905999999995
15373,21727,0.042606261
15379,52341,0.040552272
15380,52396,0.041791164
15386,52271,0.044053914000000007
15392,71873,0.040908377
15400,100441,0.047237247999999996
15402,21626,0.043601722999999995
15411,52460,0.040773644
15413,71885,0.044092553
15416,21930,0.046598397
15418,72084,0.043073384000000006
15419,52383,0.040796366
15425,1038,0.041074578
15426,115629,0.041218281
15438,52337,0.043298786
15455,116922,0.049967141
15479,72452,0.043772902
15485,21823,0.044202497
15517,21461,0.040629475
15528,21402,0.044553982
15533,72292,0.048247008
15552,52258,0.051971192
15554,21448,0.046205341
15585,72486,0.041504427999999996
15614,52286,0.044478664
15624,72241,0.041381138
15626,72579,0.045163044000000006
15647,21888,0.041564598
15649,21893,0.043016554000000005
15656,72320,0.041953317999999996
15670,72455,0.04318346
15740,71884,0.057111260999999997
15753,97794,0.042902684
15759,63304,0.041958838
15816,63447,0.041637621
15821,63388,0.04078197
15823,100351,0.047088730999999995
15837,72421,0.040558201
15855,78468,0.041064877
15894,97821,0.044517699
15898,21837,0.043340185999999996
15943,107893,0.043079778
15944,107910,0.041661569
15946,1151,0.040648732
15947,1044,0.043952713
15949,1202,0.040477504
15951,49841,0.046745507
15953,49634,0.040685785
16022,107909,0.041194162
16026,107911,0.041518649
16098,58440,0.041031956
16148,58446,0.047287202
16161,94330,0.053021777
16217,58545,0.050783084000000006
16219,58494,0.040823931
16223,15020,0.041143291
16232,15029,0.040477504
16382,14992,0.041319544
16383,94325,0.041776653
16398,58495,0.040704114
16406,14988,0.042733747
16409,49832,0.04405117099999999
16415,94302,0.040752096
16416,45768,0.040735963
16419,14938,0.040591416
16425,58569,0.045030744000000004
16426,45808,0.041079500000000005
16444,58575,0.041572481
16445,58467,0.041115052
16465,14986,0.049289565
16491,58476,0.040477504
16492,58486,0.040477504
16493,100373,0.041942707999999995
16494,58502,0.041384844
16495,94318,0.048113888
16496,58533,0.040477504
16497,58586,0.040477504
16498,58890,0.040477504
16499,103927,0.050023187000000004
16500,58892,0.040477504
16501,1024,0.045594342999999996
16502,58894,0.040477504
16503,58909,0.040477504
16504,103926,0.053460029000000006
16505,58911,0.040477504
16506,58872,0.044658298
16507,49739,0.041507947999999996
16515,58901,0.051139488
16520,1017,0.043618002999999995
16526,58880,0.04204952
16527,58870,0.043821919
16542,49673,0.041839294
16543,49672,0.040477504
16561,49600,0.041969884000000006
16591,49648,0.042986816
16594,9372,0.041356862
16620,9349,0.042135333
16622,9425,0.047880925
16625,44221,0.041232793
16629,72109,0.040773644
16637,9246,0.04099141
16646,9244,0.044997783
16678,9250,0.041977741
16702,43282,0.0438508
16740,21733,0.0415351
16822,43286,0.045745695999999995
16834,43287,0.041378727000000004
16844,43277,0.042422859
16849,97823,0.040765282
16901,61537,0.040477504
16902,61538,0.041569255
16903,61546,0.040477504
16904,61547,0.040675737999999996
16910,78879,0.043926920999999994
16912,67406,0.047453627000000005
16916,78965,0.04730507900000001
16918,78790,0.040864763
16921,78393,0.057591147999999995
16923,78601,0.044169487
16925,97853,0.042045177
16927,78780,0.042459299000000006
16931,67225,0.055463899000000004
16932,67224,0.048175602000000005
16939,21375,0.041815617
16942,118647,0.04184215
16949,107931,0.041055502
16957,78732,0.048347909
16967,67422,0.053645248
16985,78419,0.051776304
17015,61544,0.04644818
17023,78899,0.042953976
17056,97812,0.050945736
17059,95506,0.042251544
17065,95493,0.040761713
17071,78354,0.064587424
17078,35000,0.040869266
17092,9205,0.040961428
17104,78712,0.058638935
17177,112969,0.047248475
17184,21843,0.043382987000000005
17198,78562,0.044741261
17209,115655,0.066977001
17289,63311,0.040477504
17290,63315,0.040477504
17291,21378,0.044348303
17292,63326,0.040477504
17293,63337,0.040477504
17294,63350,0.040684461
17295,63356,0.043098134
17296,52461,0.045838248
17297,63407,0.040477504
17298,63425,0.040477504
17299,21331,0.04527263
17300,63442,0.040477504
17301,63443,0.040477504
17302,63386,0.047247299000000006
17303,63444,0.040477504
17304,63452,0.040477504
17305,63431,0.04841628
17306,63455,0.04097137
17307,63458,0.043337170999999994
17308,63463,0.040477504
17309,92695,0.04735006
17315,71935,0.046911054
17320,21844,0.042900337000000004
17321,63345,0.040798871
17326,72017,0.040842362
17327,72227,0.040927896
17341,63360,0.043971402
17354,97723,0.040722459
17365,22001,0.042377519
17368,72768,0.041118184
17373,106129,0.042377723
17377,21909,0.041001663
17386,63308,0.042025495999999996
17395,63335,0.060087825
17409,21563,0.042241941
17413,72530,0.040548272999999996
17419,63436,0.040745861
17427,71967,0.046612737
17443,63396,0.045306211
17465,63369,0.04065291
17478,63461,0.046075948
17499,71983,0.046420406
17511,72528,0.042068633
17528,63403,0.044354305
17534,72459,0.044054905
17548,63333,0.041236215
17562,72412,0.04666296599999999
17564,72300,0.063680174
17566,72695,0.074135819
17569,72133,0.041292824
17571,72391,0.064362986
17574,72385,0.041663423
17576,34949,0.060232695999999995
17584,72410,0.044609204000000006
17588,72393,0.06172926
17591,109185,0.050514625
17593,97728,0.079517108
17595,97813,0.04447993099999999
17597,95434,0.04424058
17599,109829,0.049159838
17609,72788,0.054460895
17614,72702,0.042617941
17616,72633,0.05268325
17620,71990,0.043655345
17631,109184,0.055090144
17633,72797,0.043015219
17638,72223,0.044386679000000005
17641,72309,0.041198447
17645,71993,0.050795766
17647,72690,0.047058193
17651,118609,0.042180345
17653,72396,0.062918186
17655,97783,0.114646489
17656,109188,0.049330306
17659,72397,0.05092012
17661,72106,0.04195414
17664,72409,0.041069765
17666,72688,0.041648789
17718,109178,0.042948226
17721,72750,0.04321826
17734,72586,0.041403181000000004
17746,97731,0.041538564
17819,72411,0.04230345
17823,21404,0.048274739000000004
17835,72220,0.040477504
17837,72221,0.041536193
17900,112989,0.060524033
17932,72700,0.062753105
17957,97805,0.064365462
18022,72772,0.041208412
18070,1149,0.042732313
18172,78754,0.049531702999999996
18240,72280,0.059678932999999997
18259,97788,0.067019472
18262,102603,0.041891389
18268,21850,0.041875535
18320,97771,0.041245969
18343,66295,0.042288953
18344,66288,0.043763052000000004
18346,66280,0.041569131
18347,104530,0.045112115999999994
18350,34965,0.041533832
18353,34967,0.041515994
18363,66279,0.040890577000000004
18364,104528,0.047534024
18367,66294,0.042906255
18389,1157,0.040823781
18396,104529,0.041251391
18488,102290,0.042795121
18496,67167,0.042961765
18498,67168,0.040477504
18499,78922,0.063288812
18500,67175,0.040477504
18501,1059,0.040735621
18502,67190,0.06689010599999999
18503,78669,0.049748485999999995
18504,67200,0.040477504
18505,109823,0.04624777099999999
18506,67304,0.040477504
18507,67303,0.043842882
18508,67307,0.040477504
18509,78829,0.053583725
18510,67316,0.040477504
18511,78455,0.048769016
18512,67322,0.042905324
18513,21789,0.063634379
18514,67328,0.040477504
18515,67337,0.040477504
18516,67350,0.040477504
18517,67433,0.048948404
18518,67367,0.040477504
18520,67404,0.040477504
18521,67409,0.040477504
18522,115659,0.048688387
18523,67437,0.040477504
18524,67445,0.045092402000000004
18531,97762,0.043546417000000004
18533,1031,0.045274327
18539,78575,0.041670558999999996
18542,78456,0.050289741
18550,78770,0.044771097999999995
18552,72740,0.040678955
18554,72471,0.041764851
18556,78820,0.046485415999999995
18559,72529,0.040712672000000005
18563,78454,0.047115724000000005
18564,72020,0.041325725
18566,78643,0.044779062
18569,67214,0.049012004000000005
18578,78773,0.045924807000000005
18581,67273,0.040477504
18583,67271,0.046068294
18600,67388,0.046697472999999996
18602,34947,0.060449342
18603,72294,0.041239835
18616,67384,0.051849417
18617,67432,0.040894491
18625,116941,0.047109305
18628,67389,0.060101928
18634,67265,0.049573312
18654,67277,0.042092915999999994
18663,67204,0.042348695
18665,67258,0.046468431
18695,67179,0.041358982
18715,116940,0.043166933
18743,78479,0.055451503
18759,9191,0.045848087999999995
18781,72275,0.061141462
18822,95513,0.041855633999999996
18834,71827,0.041290924
18843,78924,0.040847878
18849,72719,0.042563273
18851,34879,0.04244484
18858,78655,0.09251754400000001
18871,67439,0.040477504
18880,97792,0.054375470999999995
18884,78686,0.04638888
18905,72087,0.045144868
18954,67276,0.043887425
18970,67407,0.046949609
19005,78941,0.041314658
19063,78832,0.049119404000000005
19134,67416,0.04572699400000001
19150,71820,0.041481758
19151,71849,0.040477504
19152,71850,0.040477504
19153,71860,0.043167598
19154,71864,0.040477504
19155,71866,0.04075419
19156,71878,0.040477504
19157,21690,0.042903564000000005
19158,71904,0.040477504
19159,71929,0.046408447
19160,71968,0.040477504
19161,71969,0.041642938
19162,100394,0.04710700599999999
19163,71974,0.041490292000000005
19164,71986,0.040673576
19165,72005,0.040949098999999996
19166,72009,0.046258798
19167,72011,0.040477504
19168,72015,0.040477504
19169,72024,0.040477504
19170,72041,0.040477504
19171,63367,0.042553139000000004
19172,72107,0.040477504
19173,72652,0.041958835
19174,72129,0.040477504
19175,72156,0.040477504
19176,72167,0.041271521
19177,97774,0.045310315
19178,72189,0.0408041
19179,72193,0.043879124000000005
19180,72194,0.040477504
19181,21454,0.058903053
19182,72204,0.040477504
19183,72224,0.041285815
19184,72225,0.046556627
19185,72240,0.040536168
19186,97694,0.055600765999999996
19187,72259,0.040477504
19188,72358,0.040477504
19189,72382,0.040840646
19190,72398,0.040477504
19191,72392,0.044714748
19192,72399,0.040477504
19193,72405,0.040477504
19194,72427,0.040477504
19195,72435,0.040477504
19196,72449,0.040477504
19197,72450,0.040477504
19198,92694,0.047469019
19199,72465,0.040477504
19200,72470,0.040477504
19201,72481,0.040477504
19202,72499,0.042135077
19203,78814,0.044509388
19204,72539,0.041617539
19205,21903,0.043331824000000005
19206,72556,0.040477504
19208,72557,0.046898380999999996
19209,72564,0.041681967
19210,72592,0.040477504
19211,72608,0.040477504
19212,1132,0.045750918
19213,72692,0.040477504
19214,72717,0.04147043
19217,72741,0.040477504
19218,100410,0.054371038
19219,72752,0.041837146
19220,21846,0.061790665999999994
19221,72761,0.040477504
19222,21365,0.063740573
19223,72764,0.043219524
19224,92686,0.045020994
19225,72775,0.040477504
19226,72802,0.040477504
19227,109179,0.042396126
19228,72804,0.041875287000000004
19229,72813,0.042104776
19230,72805,0.040477504
19231,97705,0.04352788
19232,72810,0.040477504
19233,72814,0.041620937999999996
19250,21655,0.041192822000000004
19263,71833,0.044944645
19271,72466,0.051302415999999997
19277,21485,0.043623464
19284,72401,0.04413919400000001
19290,72642,0.041581618
19295,21287,0.041623099999999996
19297,72268,0.042207947
19305,72150,0.050819483
19315,71854,0.041068372
19324,52462,0.041029469
19328,97753,0.04071374
19332,72228,0.042458733
19337,72724,0.056756368
19339,72785,0.049155973
19341,72203,0.054267415
19343,78425,0.045415573
19351,72093,0.041544736
19364,97851,0.043190991
19365,63414,0.042051467
19366,72713,0.044410868
19368,97778,0.041282847000000004
19371,72723,0.045240339000000004
19375,21831,0.047131317
19385,71979,0.041768671
19387,21814,0.049156049
19397,97688,0.042597052999999996
19404,72014,0.041846207
19406,72601,0.043821896
19417,72097,0.041152772000000004
19429,21694,0.043448945999999995
19432,72774,0.040841279
19438,72287,0.048421725
19440,72291,0.041358017000000004
19445,92699,0.042778759000000006
19449,72453,0.050759795
19452,72442,0.048297989000000006
19458,71889,0.054027016
19464,72337,0.046520129
19466,21462,0.048700232
19468,72367,0.042704980999999996
19493,71867,0.041302834
19495,71886,0.042594672
19499,72161,0.055484687000000005
19502,72582,0.045245552
19508,72701,0.042471687
19513,72237,0.042126395
19518,72378,0.056381735999999995
19522,92765,0.046323341
19533,72184,0.053221051
19540,71825,0.040959542
19545,9190,0.04197113400000001
19562,72329,0.052002013
19564,72247,0.042583847
19567,72533,0.04366620400000001
19569,72715,0.041273893
19571,72277,0.041558858
19574,71932,0.048212047
19582,71931,0.04065854
19584,72031,0.046834657
19594,21933,0.041271642000000004
19604,92769,0.042441822000000004
19614,1053,0.042101282999999996
19633,104558,0.046536598
19644,52401,0.042384495
19646,63406,0.045915619000000005
19650,72778,0.041072854
19655,72253,0.055181715
19657,72029,0.043271477
19673,21745,0.04305279
19675,72381,0.042302129
19679,72574,0.042209968
19681,100408,0.057975636
19682,92704,0.041190788
19685,72266,0.046189869
19690,63343,0.042189729
19691,63331,0.041176853
19692,63363,0.040616071000000004
19702,71916,0.042758925999999996
19706,72727,0.041825133
19719,72476,0.042288905999999994
19720,72525,0.042288905999999994
19721,72689,0.044120031
19728,72643,0.058527252
19730,72418,0.044053656
19745,21376,0.041882139
19748,72531,0.043268827
19751,109817,0.040774547
19755,72483,0.040913411000000004
19758,72110,0.05030687599999999
19759,72651,0.041677539
19760,71924,0.041354329
19762,72687,0.045830815999999996
19767,72108,0.042901357
19783,21591,0.041018324
19791,72667,0.041953094
19821,72460,0.045610209000000006
19834,21908,0.041583946000000004
19874,109827,0.04304885
19947,97740,0.041394371
19973,72232,0.04823684599999999
19976,21849,0.0421484
19989,116920,0.043215373
20021,72236,0.041041956
20085,72706,0.041614832000000004
20086,71930,0.040593078
20205,72798,0.045282647
20237,21875,0.041263721
20256,112966,0.040886995
20267,72000,0.043807636
20275,71989,0.043423354000000004
20327,52388,0.049085527000000004
20343,72408,0.043026423
20389,21408,0.045348314
20425,21991,0.041312615
20435,63427,0.041923472999999996
20436,92719,0.053938467999999996
20446,72271,0.042382265999999995
20461,52281,0.05169104099999999
20471,52270,0.042391736
20476,72684,0.041905379
20480,72333,0.040477504
20493,78443,0.040477504
20494,78488,0.040477504
20496,78530,0.040477504
20497,78531,0.047151423
20498,78549,0.041063487
20499,78552,0.051352438
20500,78846,0.040477504
20501,78845,0.051050737
20502,78849,0.040477504
20503,78919,0.040477504
20504,78943,0.040477504
20505,78787,0.044314945
20506,78978,0.040477504
20507,78519,0.04376
20509,72668,0.042253882
20511,78648,0.042248151
20512,78745,0.041880798999999996
20514,95450,0.040688667000000005
20520,118662,0.053791298
20522,78837,0.04351869
20524,78392,0.04740077400000001
20525,67184,0.041127445
20529,78495,0.040477504
20531,78629,0.049138745
20542,78727,0.043970279
20547,67177,0.045155169
20554,78749,0.047661607
20556,49637,0.040477504
20559,78682,0.041317727
20563,78600,0.041311276
20565,61548,0.044410825
20567,34959,0.040585153
20569,78398,0.067007284
20571,78797,0.046257675
20575,95494,0.043695897000000004
20583,78373,0.076336156
20585,78813,0.040620177
20588,78927,0.04731764
20591,67358,0.041252992
20597,67444,0.04278552099999999
20613,78599,0.046392432000000004
20625,61543,0.040744137
20631,78633,0.042052421
20634,78752,0.042605344
20637,118639,0.047427141
20647,67194,0.041368903
20654,78500,0.040684337
20663,9304,0.041251853
20683,104525,0.040628776
20691,78569,0.051121645
20693,78856,0.040803779
20704,67203,0.044745277
20706,67285,0.045908529000000003
20714,115647,0.043241386
20720,78742,0.040731977
20743,109837,0.040945876
20753,71896,0.043632883
20755,78710,0.048620007
20760,97704,0.046946762999999996
20762,72714,0.041776724
20782,61540,0.043230633
20790,72639,0.043381359
20803,71981,0.043004522999999996
20811,67305,0.040693402999999996
20829,78521,0.041620557999999995
20870,67336,0.041772117000000004
20877,78723,0.041227124
20884,71861,0.041920343
20896,118685,0.040477504
20902,78621,0.041418672000000004
20946,115639,0.040781741
20951,95512,0.04092026
20961,67173,0.04311619
20977,72604,0.044266821
20985,115656,0.041502004
21023,67313,0.040654726
21032,113004,0.048141523
21035,118690,0.040788593
21036,78920,0.045618257999999995
21076,78854,0.041003247
21079,71964,0.048159180999999995
21133,78564,0.040849036
21148,78808,0.040594433
21151,118702,0.045695837999999996
21154,97796,0.040705861
21171,72098,0.041199532000000004
21219,78887,0.045069717
21225,67189,0.04125512
21306,78594,0.04101764
21310,67351,0.042205415
21319,102566,0.041101967999999996
21320,102590,0.041319476
21328,44235,0.043879713
21329,49681,0.04142176
21410,78423,0.041570718
21421,97782,0.042884454
21465,9439,0.040749886
21468,78882,0.040652073
21469,78857,0.040620109
21477,72138,0.042842027000000005
21521,112983,0.041091119
21556,9311,0.040936135
21568,95451,0.042167464
21583,97822,0.040558605
21642,78389,0.040946722000000005
21652,21782,0.040603075
21656,9335,0.048889342
21657,92677,0.041040395
21666,63446,0.04077544
21668,72043,0.055535377999999996
21671,52379,0.040881819
21674,72251,0.044682447
21685,100411,0.044993933
21688,97835,0.040769879
21693,71824,0.041559728
21696,21892,0.042571717
21702,116924,0.040904874
21706,72513,0.045026012000000004
21707,21300,0.041303077
21709,21446,0.04640828
21715,21586,0.055966245
21716,92724,0.041357281
21777,21785,0.041397174
21782,21726,0.044318725
21804,92700,0.043723233
21812,52394,0.041381437
21814,72560,0.041895401
21825,71863,0.042730459000000005
21857,72425,0.046229078
21871,63336,0.04424137400000001
21874,72040,0.046184755
21889,72018,0.048746588
21910,92706,0.049597033
21914,72387,0.041320788
21923,72463,0.052774090999999995
21940,21314,0.040854308
21965,72205,0.041562869
21972,52454,0.049795688
22135,63370,0.041666387
22137,71940,0.041348625
22176,92690,0.040633298
22186,109839,0.041850114
22203,104538,0.059151138
22208,72656,0.042415308
22212,95552,0.044312024000000005
22214,78547,0.040591247999999996
22216,102606,0.067266855
22237,72739,0.040477504
22262,14891,0.040686609
22264,58444,0.047665667
22266,94293,0.04518434
22267,58478,0.044588788
22269,58555,0.040477504
22271,58516,0.040719808999999996
22273,9351,0.042594930999999996
22274,14970,0.040477504
22275,14983,0.040477504
22278,106138,0.040854126
22279,58651,0.040477504
22280,14911,0.040477504
22282,14974,0.046424340999999994
22290,14981,0.040743693
22301,14952,0.040477504
22309,14960,0.040956497
22323,15027,0.046724172
22359,45744,0.041252388
22388,58538,0.041125026
22454,58451,0.040582154
22585,14893,0.042560485
22586,45720,0.041142142
22602,14830,0.043759528
22609,58638,0.049437762999999996
22710,1194,0.044736230999999994
22884,1176,0.041710686000000004
22978,97818,0.042490522
22984,95481,0.045908875999999994
22987,92683,0.040477504
22988,92714,0.04277891599999999
22989,21554,0.040802728999999996
22990,92716,0.040477504
22991,92735,0.040477504
22992,92738,0.040477504
22993,52395,0.041251151
22994,92744,0.040477504
22995,92746,0.040659092
22996,92749,0.040477504
22997,92758,0.040477504
22998,92770,0.040477504
22999,92777,0.040477504
23000,92778,0.040477504
23001,92790,0.040712514
23002,92792,0.040477504
23008,97746,0.040702332
23017,72657,0.053585039
23018,72654,0.040688412
23026,92761,0.047657215
23030,52419,0.044374171
23035,63372,0.040716007
23052,21452,0.041521397
23055,92681,0.059148744
23059,92688,0.041841371
23060,92793,0.040671404
23074,34981,0.040945719
23104,100390,0.040876115
23125,21529,0.040874041
23127,72002,0.040807085
23136,71943,0.042898253
23161,52326,0.046697958
23168,72635,0.042161581
23195,21624,0.048262085999999996
23251,72238,0.040780876
23385,14955,0.040576487
23391,94300,0.040477504
23392,94301,0.040477504
23393,94322,0.058546129
23394,94321,0.048498355
23395,94326,0.044686443
23396,94312,0.040477504
23397,94315,0.040477504
23398,94316,0.05315307
23399,94317,0.040477504
23400,94319,0.040477504
23401,94323,0.040477504
23402,1041,0.047883757
23405,58493,0.042202497
23605,34898,0.040477504
23636,95431,0.040477504
23637,1033,0.041050515
23638,95457,0.040477504
23641,1184,0.048795261
23643,118636,0.046086069
23646,996,0.04124948
23648,95433,0.04682829
23650,49733,0.041505022
23654,95510,0.041095804
23656,95489,0.04444211
23658,95550,0.042303602
23660,95571,0.054377391
23665,95567,0.045362195999999994
23668,95487,0.045416323
23684,49825,0.042992126
23688,1203,0.040709782
23690,72681,0.042735268
23702,58868,0.05683542
23706,95491,0.040994788
23710,95490,0.041148448
23715,14972,0.040638438
23716,95508,0.040638438
23738,78738,0.041523369
23746,21744,0.041158107
23752,49751,0.042407183
23756,102278,0.040477504
23765,72122,0.040901778
23775,49748,0.040949735
23785,49677,0.04095182
23799,78841,0.049493483
23809,95564,0.041715722999999996
23855,49816,0.047197933
23911,78843,0.040671594
23930,72507,0.040708998999999996
23949,95502,0.041208546
23973,72675,0.043632297
23975,63307,0.043399239000000006
23977,21571,0.040599293
23978,1048,0.041203019
23981,52265,0.041205024
23986,100407,0.042379491
23993,97754,0.043625613
23996,52477,0.042686090999999995
23997,72760,0.042603895
23998,97803,0.040548394
23999,71942,0.044094207
24000,21407,0.040772005
24004,52279,0.041450907
24006,72214,0.040633119
24011,9193,0.040547957
24013,100414,0.047459942000000005
24024,100420,0.049614994
24027,71951,0.041306766
24034,21311,0.041270962
24036,97722,0.040477504
24037,97730,0.040952476
24038,97737,0.040477504
24039,97787,0.040477504
24040,97793,0.0407153
24041,97804,0.040477504
24046,72416,0.040477504
24052,21931,0.041479458
24059,115654,0.043426928
24091,21321,0.043797933
24096,72326,0.040509259
24108,92781,0.040519105
24109,63428,0.040661678
24126,21499,0.040507197
24131,97873,0.040543783
24151,97690,0.05099283
24175,72199,0.042757328
24176,21511,0.04258818599999999
24179,72417,0.040710364
24206,21840,0.040652469
24217,72196,0.042681431
24222,52280,0.040905207
24237,97858,0.043938780999999996
24242,52386,0.040519391
24246,72538,0.040625022000000004
24261,63462,0.042124748
24264,21451,0.04073786
24266,21386,0.040627408999999996
24280,100427,0.042509603
24281,97712,0.04218592400000001
24293,78380,0.044474957
24295,72404,0.040584331
24296,52399,0.041928448
24299,71985,0.040643939
24308,97742,0.040501828
24310,49625,0.041446992
24318,21390,0.04053526
24339,100433,0.042465006
24348,52408,0.04061888
24356,52377,0.043460202999999996
24360,21470,0.042403656
24361,97685,0.041153032
24365,21458,0.042306496
24372,21800,0.040634973
24375,71830,0.06287093099999999
24382,9211,0.040666576
24384,63468,0.040995602
24386,72322,0.041629682
24388,21460,0.041036775
24389,21531,0.041036775
24390,100431,0.042405267
24392,52429,0.040477504
24394,52308,0.041600173
24395,97860,0.040915022999999995
24398,21296,0.040591742
24413,92772,0.040910371
24432,21799,0.044623939
24438,52393,0.041069874
24443,21759,0.043442294000000006
24457,21676,0.040494667000000005
24459,100391,0.040477504
24460,100421,0.040477504
24461,100425,0.040477504
24463,109831,0.040693692999999996
24477,63380,0.040626907999999996
24484,72019,0.040512396
24503,72086,0.04049386
24507,100386,0.040525671
24509,21535,0.042066362999999996
24516,100419,0.040569491
24522,72264,0.040477504
24587,21533,0.045399964
24589,97842,0.040807167000000005
24592,52450,0.040628234
24599,21869,0.043997792
24607,21834,0.043107100999999995
24618,97797,0.0414718
24624,92680,0.04060928
24628,102296,0.040477504
24632,102598,0.046013474000000006
24640,102608,0.041063796
24642,102541,0.042174990999999995
24644,102551,0.040773649
24645,102591,0.040477504
24647,102575,0.042983098
24650,102567,0.04212499
24651,102572,0.040477504
24653,102568,0.041407306
24655,102539,0.044135877999999996
24664,102552,0.040600144
24665,102574,0.040509128
24667,118648,0.057111308
24669,102593,0.041041117
24670,102558,0.040477504
24671,102594,0.040886319
24673,102610,0.040557843999999996
24674,102542,0.040557112
24699,102573,0.041652575
24707,116926,0.040685226
24725,102548,0.041459915
24765,102543,0.050004944
24796,102605,0.041136901000000003
24813,118683,0.040637584
24821,118615,0.05047724
24822,102549,0.047458705999999996
24853,102540,0.042906549
24865,71965,0.063142225
24869,102564,0.041033914
24878,102599,0.040934362
24883,102580,0.041079273
24892,102546,0.04215399400000001
24895,102589,0.042809713
24920,102582,0.040477504
24921,102584,0.040532532999999996
24923,102578,0.041356877
24924,102585,0.041711832000000004
24927,102586,0.04066754
24929,102569,0.04070192
24930,102602,0.040930851000000004
24934,103945,0.042214709
24938,103936,0.053462063
24940,103928,0.040722958
24943,103938,0.045769752999999996
24946,103934,0.04200503
24948,103930,0.044847946
24951,103935,0.041492182999999995
24952,103923,0.040727425
24980,66286,0.040622543
24983,66291,0.040477504
24988,34973,0.041997732
24991,104543,0.040477504
24992,104551,0.040477504
24993,78740,0.040477504
25003,34891,0.041105045
25019,34875,0.050235308
25039,1213,0.04065912
25060,104532,0.040763409
25106,66297,0.043791039000000004
25107,34917,0.040917661
25109,9225,0.041176726000000004
25116,109841,0.041311049
25122,43295,0.040477504
25133,44263,0.041785311
25140,49632,0.040770618
25141,67306,0.041074669
25142,43297,0.040477504
25144,49692,0.041647424
25147,58860,0.041292511000000004
25149,1291,0.041002055
25153,49814,0.040477504
25155,49654,0.040536049
25160,105428,0.04126471
25162,49678,0.042817142
25176,49679,0.04118293
25183,1139,0.04050576
25194,49694,0.040605973999999996
25210,105427,0.040835699999999996
25211,105433,0.040541647
25218,106131,0.041608964
25251,106141,0.057219679
25305,106134,0.047269744
25415,106133,0.040563561
25427,106130,0.041445357
25443,72548,0.040814279
25455,107912,0.0477278
25456,107920,0.042133327000000005
25461,107897,0.042803492
25462,107916,0.042855749000000005
25470,113009,0.041824362000000004
25488,107923,0.040704769
25519,107933,0.040879059
25526,107919,0.044274423
25596,107915,0.040589134
25613,107930,0.045979603
25623,107935,0.040715402000000005
25664,95475,0.040477504
25688,72494,0.043403535
25704,107901,0.047673907
25713,107898,0.040747154
25714,107905,0.040592033
25719,107894,0.040780677
25733,78603,0.041416861
25734,107932,0.043689095
25739,107926,0.04050974
25748,78825,0.04295705
25768,107914,0.040477504
25769,49864,0.041103473
25771,107927,0.040508181000000004
25775,112981,0.046303057
25796,109186,0.040671397000000005
25817,72703,0.040593981
25823,109191,0.043899851
25826,109187,0.042723645
25828,71977,0.041330828
25830,72524,0.040704496
25836,109181,0.040574089
25839,109516,0.044174394000000006
25875,109842,0.040906019
25877,97789,0.041679337000000004
25913,21826,0.04358444
25927,63394,0.040499239
25928,63324,0.040499239
25954,109820,0.040502291
25966,109828,0.040831566
25976,72438,0.04054883
25997,97872,0.043939642
26002,72575,0.042250992
26021,109825,0.044412738
26022,71905,0.040905732
26026,92784,0.040584991
26045,72597,0.041689651
26048,72599,0.040542972000000004
26051,72547,0.042826025999999996
26073,21703,0.040574157
26075,116917,0.041063251
26076,116916,0.041714697
26080,112967,0.042343198
26081,113008,0.040886267999999996
26087,97856,0.041243608
26095,116923,0.041095851
26099,110876,0.053767601
26100,110904,0.040477504
26101,110903,0.052706823
26102,110907,0.040477504
26103,110883,0.044004233
26104,110873,0.040477504
26105,110908,0.040477504
26112,110896,0.053737799
26117,118631,0.04420662400000001
26149,110890,0.041807482
26151,110887,0.048421284
26175,110885,0.056833938
26176,110894,0.040563018
26198,110878,0.040477504
26204,112990,0.042978844
26205,112975,0.041490392
26235,112997,0.040534485
26236,112999,0.040482759
26258,112993,0.044171273
26259,113005,0.040867194
26264,113001,0.040734205
26270,78543,0.041302911
26282,113015,0.041241355
26285,104536,0.047151717999999995
26317,72208,0.040614641
26354,72104,0.040685127
26356,21434,0.040687417000000003
26374,118682,0.0406006
26380,113000,0.043953557000000004
26382,113020,0.041333816
26386,112998,0.041096754
26403,67327,0.040894592
26428,118705,0.042804071
26441,118704,0.04051222
26445,118654,0.041109698
26451,118619,0.041624283
26456,72191,0.041310532999999997
26460,113007,0.043775255
26466,112980,0.0406508
26468,113017,0.040537679
26484,116939,0.041758342000000004
26488,115643,0.040963528
26517,112962,0.040610753
26518,67423,0.041022696000000004
26520,113011,0.040590256
26523,78504,0.040571273
26527,115652,0.041160906000000004
26528,67208,0.041693619
26530,115634,0.046687015
26535,118659,0.041433249
26539,78902,0.041376172999999995
26541,97834,0.043715464
26547,112991,0.040727782000000004
26563,112992,0.041255082
26565,113010,0.040545946
26567,112995,0.043657284000000005
26570,78642,0.041028012
26574,113013,0.041070648
26634,78934,0.040665192999999995
26656,72141,0.048455933
26657,72061,0.04080538
26670,112972,0.040537329
26699,78905,0.040625151
26719,102577,0.040977678
26765,113002,0.040656802
26788,78679,0.041680828999999996
26790,115642,0.046229535
26792,115644,0.042196112
26793,115638,0.040496245
26795,118692,0.041265597
26796,115660,0.040477504
26797,115641,0.040553881
26803,72439,0.040537277999999996
26813,115653,0.041584061
26826,71917,0.043202255999999994
26831,78607,0.040832633
26856,78828,0.040549472
26883,78368,0.041890331
26885,116934,0.040477504
26891,97745,0.046539816
26893,116938,0.040563033
26894,116932,0.04053824
26896,104535,0.040771748999999996
26900,116942,0.047269967
26901,116933,0.041366399
26909,100368,0.041082266
26910,116919,0.041623709
26942,63373,0.041158121
26943,21916,0.040569515
26949,72605,0.041372719
26950,21866,0.040700428
26951,95554,0.040603311
26962,21309,0.040532566
26966,116929,0.040743922
26969,116918,0.04198983
26971,116936,0.040496278
26973,116928,0.040666957999999996
26981,118641,0.041494203
26983,118681,0.04315695
26986,118600,0.042049154000000005
26987,118696,0.042791333
26989,118642,0.04309603
26993,118670,0.042353695
26996,118616,0.040688782
26997,118640,0.040688782
26998,118686,0.045128014
27001,78746,0.040540881
27003,118672,0.050485394
27004,102559,0.040477504
27010,118711,0.040477504
27011,118699,0.04106341
27012,118671,0.04051525
27014,72674,0.040477504
27017,118703,0.042055601
27019,118635,0.044490957000000005
27020,118624,0.04275053400000001
27021,118693,0.040477504
27022,118667,0.040477504
27024,118674,0.040477504
27025,118658,0.051923115
27028,72734,0.040543617000000004
27031,102596,0.040722851000000004
27089,118698,0.04076033
27101,44233,0.040530751000000004
27145,118605,0.040544018
27175,118709,0.042133633
27179,118620,0.040537351
27202,118625,0.041298407999999995
27209,118632,0.040788013
27213,118697,0.040812042
27214,118715,0.040569
27226,118633,0.041270692000000005
27234,118613,0.043968685
27237,21319,0.041438709
27246,72379,0.041497183
27263,97795,0.048714509
27265,21989,0.045203889000000004
27272,52267,0.041232299
27275,72766,0.042832025
27285,21819,0.042348110999999994
27289,21883,0.045157561
27290,21879,0.041646758
27308,21791,0.040715028
27310,92713,0.04355677
27319,21589,0.043797605
27328,92742,0.040940617
27343,71975,0.043166635999999994
27344,1181,0.040678127
27421,21364,0.041201718
27426,97695,0.041575677000000005
27432,72165,0.041172571
27457,1187,0.040518141
