key,PR
39718,0.04999424
39702,0.062958545
39703,0.074670183
39919,0.077940706
39723,0.051014859
39697,0.042797487
39689,0.051327907
44364,0.05384608
91961,0.04351082
39860,0.042916966
15118,0.088235146
94366,0.046958054
39674,0.060049948
35050,0.059483911
45832,0.065344129
45895,0.057315307
9614,0.04450941
45914,0.066689738
88705,0.043701178
59485,0.106387686
88621,0.049524839
55869,0.054313311
105391,0.08914935
39917,0.058756037
97593,0.044572531
97555,0.114264461
122234,0.063660795
97560,0.149746283
39888,0.081052919
35126,0.11135228
39902,0.0821872
39906,0.069549183
9671,0.079722548
55858,0.04941609
39620,0.096346277
39622,0.083708859
39660,0.04261062
39662,0.042556455
39663,0.064131898
105394,0.057946507
9470,0.111176274
39686,0.055951965
35139,0.062624727
39751,0.055190279
39712,0.076898397
39722,0.055396149
39777,0.046495315
39684,0.060377439
95691,0.042556455
39763,0.059684468
39753,0.049833361
39669,0.049151415
122417,0.049448996
97518,1.454268997
35060,0.067233425
35124,0.071701417
35151,0.049075142
35141,0.064669441
39789,0.045069031
39845,0.052744669
122644,0.045114704
122422,0.147494383
97614,0.066556983
9647,0.194996332
88629,0.139238724
35048,0.240016481
45884,0.044652935
39791,0.050102858
9538,0.055877103
92833,0.048351955
59497,0.045580245
22273,0.257774539
39803,0.047108784
44355,0.086069007
39639,0.052206812
35135,0.047634859
35157,0.062996723
39878,0.046085044
35116,0.074737362
35083,0.044907004
35031,0.059142366
35085,0.056778627
43348,0.059825106
35019,0.098980101
22208,0.535729211
9563,0.052376523
35061,0.117318158
44335,0.071000764
39644,0.056194202
39625,0.053651142
39661,0.071774201
39631,0.050777046
39617,0.049848899
39638,0.047279687
39654,0.082874504
39925,0.042911275
39650,0.043330048
39630,0.053227159
39907,0.042961454
39670,0.061741943
39767,0.061173134
39855,0.049015602
88723,0.06626942
45928,0.048212906
45918,0.047096147
15121,0.057416818
39901,0.046645853
39616,0.04280939
44336,0.060202731
22128,0.070916776
39944,0.047709244
39897,0.057875474
22293,0.328686678
35006,0.072403232
44348,0.054894952
44315,0.096188742
39931,0.068601101
15102,0.066156953
39676,0.055792971
44300,0.04316904
9484,0.088930182
59510,0.044440286
122248,0.067353815
45907,0.120953622
9505,0.055972015
44342,0.046240033
44307,0.062766201
44317,0.050979208
39945,0.072963358
9678,0.106512093
9695,0.075186345
59498,0.087655
39691,0.049518617
39728,0.046278255
15079,0.048813338
15158,0.052759847
15088,0.050591357
45869,0.042858244
35027,0.043623361
9529,0.047052899
9583,0.050706073
39797,0.05709105
39809,0.044206049
9477,0.058111575
22131,0.092028896
9632,0.045677098
95618,0.043833288
39858,0.044806512
9668,0.04551387
9686,0.076946935
15152,0.087883313
45922,0.058196681
9476,0.050355384
39904,0.09133385
35137,0.090522914
39800,0.061480757
39758,0.073249359
39755,0.072097365
39780,0.069972187
22263,0.059134053
9519,0.054961412
35131,0.106837721
9662,0.109987865
22041,0.097567459
104505,0.07383478
9709,0.13445212
22352,0.071304427
59560,0.053183709
22226,0.064225252
43322,0.247987157
22237,0.066144673
97678,0.060451034
22278,0.043655246
59535,0.283320159
35138,0.324042746
9553,0.061840693
35036,0.056495639
9574,0.076055069
44337,0.119929868
39833,0.053671929
15127,0.116621974
59536,0.105857752
9478,0.093668213
59518,0.045144646
39851,0.047839867
122407,0.075454749
100271,0.108965004
15097,0.096768202
35095,0.073238981
39823,0.049646559
59547,0.049781016
39651,0.051727614
9596,0.04778444
39635,0.056783464
35101,0.058961347
44301,0.043607837
15189,0.044830992
39918,0.042856204
39874,0.056160813
15060,0.048209546
15094,0.060603354
15126,0.079589154
15066,0.085590158
15077,0.16169687
15081,0.11813598
88647,0.050208991
45993,0.122698232
45973,0.051474659
88637,0.140473663
45897,0.052358664
88604,0.059750389
88598,0.108180619
15144,0.05077024
15071,0.316562586
39916,0.056201181
39913,0.048120018
39891,0.047684359
44329,0.070229333
44330,0.056144498
105407,0.076227194
22364,0.720622297
22040,0.066301238
22367,0.060917858
39927,0.042556455
122181,0.105384803
97679,0.117795451
9495,0.063075628
59495,0.154647647
22268,0.052450588
15142,0.072817469
15173,0.0489816
45867,0.050358921
88609,0.043021789
22499,0.056083648
9597,0.134666333
45920,0.115970307
88605,0.071932101
45860,0.060374493
35049,0.148548209
59542,0.077740374
45887,0.045710514
9635,0.107277311
9650,0.046108214
35090,0.072309833
105405,0.051697158
9590,0.112696024
39714,0.043320153
122196,0.377009175
122197,0.092342178
22092,0.400920919
122211,0.056900728
39692,0.046447925
39939,0.043526176
39700,0.046670417
105380,0.080819541
9681,0.110138901
15149,0.105760796
9571,0.047975578
39947,0.06843301
39747,0.058128067
35118,0.115207544
39811,0.112708072
91959,0.042707318
44349,0.067224777
122189,0.139969489
9537,0.10566366
9481,0.151872577
97552,0.132086536
105392,0.048571798
39868,0.075906989
88648,0.045819373
44323,0.046796295
35075,0.054875799
91964,0.043203862
9620,0.045319611
9660,0.065567556
122476,0.40849504
122221,0.348337747
122231,0.071229808
59499,0.060052358
9490,0.042556455
59520,0.044244
39827,0.090703745
44361,0.058080846
9525,0.109598552
35013,0.051261655
9618,0.07265096
9631,0.11221152
88709,0.043392909
43337,0.08482983
35033,0.105930297
35125,0.091803083
39658,0.046757574
39726,0.050571166
22179,0.051436928
22207,0.058655957
39626,0.055535876
22119,0.432349126
122455,0.061090156
66302,0.044558492
106122,0.043866536
122418,0.311230301
104521,0.05237367
35120,0.182254649
45843,0.044596984
45904,0.094737741
45931,0.045067385
88603,0.051404268
15221,0.044186084
15290,0.042986607
95680,0.044422449
105403,0.057252258
100283,0.112750208
97670,0.04854079
35026,0.051633227
39707,0.049149885
45987,0.15037488
9567,0.080073796
97650,0.095189498
9589,0.044670739
100284,0.052824424
9514,0.042556455
39736,0.061265395
39915,0.056600253
43329,0.080110847
9598,0.04745109
35073,0.064269667
44290,0.061182931
22230,0.219984627
79376,0.042916707
35156,0.062868814
15137,0.066230501
88612,0.078149857
39935,0.057861693
9603,0.107975016
39687,0.044477548
45915,0.114983747
15246,0.047076889
44343,0.074955416
22094,0.905477673
9611,0.066591764
39783,0.050064329
22358,0.165205685
44306,0.056932978
66307,0.044306611
44313,0.062467061
39940,0.063781549
39946,0.058284705
39756,0.04614361
22020,0.059547391
22209,0.126143288
35069,0.097938519
122229,0.049826683
45926,0.106843847
39737,0.042767484
35115,0.138588067
22013,0.042993891
35113,0.078378551
22354,0.049026139
97601,0.198708279
39832,0.049097201
9548,0.072039404
35038,0.113058463
39634,0.043209622
39655,0.042886214
43309,0.051329748
88624,0.073097395
88753,0.042706322
88721,0.061949573
15168,0.044309463
88631,0.042766272
45949,0.064060557
15074,0.098592582
88661,0.06321743
79390,0.055004049
35161,0.062339769
97594,0.052424447
122200,0.103761964
35078,0.065605838
35025,0.067113859
44297,0.050984026
59484,0.047834481
35042,0.084987475
9613,0.04442361
67609,0.049340421
35029,0.086096388
35086,0.06234478
9554,0.078165338
97543,0.110445179
35144,0.064807591
100335,0.083962826
39799,0.043301334
104471,0.044422343
35057,0.43087584
9513,0.043001227
35017,0.141044737
92917,0.043094334
35065,0.045130184
59555,0.04893742
9558,0.044068804
35104,0.084638808
9459,0.050049794
43310,0.068252494
61215,0.075106845
103897,0.044236142
44316,0.052295454
39934,0.043278284
35076,0.093707436
39706,0.051369616
97534,0.052118475
100252,0.214925853
22123,0.217635636
97677,0.042910821
122236,0.248487243
97507,0.130319071
122384,0.357480058
97599,0.119967213
9622,0.2880126
122186,0.068833029
39854,0.058161012
35092,0.147447792
45879,0.06886174
35149,0.233833726
39911,0.043482556
39671,0.043869608
9713,0.046203337
39680,0.042823682
39690,0.061615906
39936,0.060453373
104504,0.044813181
9461,0.054067781
43342,0.047532216
9472,0.051975515
35158,0.04745336
35096,0.065715689
9479,0.042556455
43330,0.072147621
9480,0.224066936
22122,0.274446896
22079,0.066868402
9482,0.042556455
44319,0.060196209
9483,0.057939749
59515,0.101482448
9485,0.045304387
59552,0.150231371
9486,0.064054192
22265,0.068895576
9488,0.112542052
22348,0.113866893
44358,0.042608812
9493,0.047487157
22002,0.106961221
92797,0.224255292
9496,0.045350742
35023,0.043730543
9498,0.042556455
35159,0.059520482
9499,0.049044854
9500,0.044389626
9503,0.088529938
9507,0.042556455
79223,0.054024749
9510,0.055585112
59492,0.109688287
9516,0.081666216
35016,0.065204949
35037,0.069426923
9517,0.043540799
43319,0.052945073
9523,0.043183345
35008,0.053139329
9530,0.060029534
97616,0.127712153
9534,0.078333218
22215,0.26861147
9536,0.045923654
35074,0.068314918
9545,0.062444467
22262,0.071899612
122707,0.043580004
92910,0.053712567
9546,0.045878868
9547,0.086114999
59567,0.099871411
59530,0.048914571
59541,0.072821709
104483,0.061497418
9555,0.042556455
15164,0.129728649
9559,0.042556455
97588,0.045137883
9565,0.06341278
43314,0.049410324
9568,0.042556455
43312,0.064225475
59486,0.057528906
9575,0.042556455
35058,0.05460351
9577,0.044922221
9578,0.048018871
44362,0.088613296
9582,0.052437072
35046,0.046575785
9585,0.060880082
44332,0.127276105
9591,0.058497853
9594,0.043669367
43346,0.052777624
43345,0.045030363
9595,0.052256541
35119,0.04386888
104494,0.157497258
9604,0.046482293
22231,0.062648957
9608,0.067746495
9673,0.060318485
22356,0.06490388
9626,0.043394183
35055,0.044584525
9627,0.042556455
122408,0.066006542
9629,0.092902558
22125,0.094980586
100327,0.062247016
9646,0.043980285
9617,0.043836003
9653,0.077708284
122228,0.079819312
44294,0.052734047
35043,0.092459987
45943,0.085013941
9666,0.042556455
100276,0.137029371
9672,0.049295699
22109,0.164212013
9679,0.042556455
92879,0.050654495
9682,0.052292634
9688,0.047379777
9694,0.092052619
9697,0.042556455
35143,0.086197933
15130,0.149932668
44354,0.066921609
9703,0.043177564
9708,0.042556455
104517,0.05108514
9711,0.05175272
59508,0.061354478
9715,0.04645598
44339,0.043131945
9716,0.042610042
59509,0.089362889
9718,0.063073769
9720,0.042765812
9721,0.042818505
9722,0.042556455
44344,0.061166691
9699,0.047333452
59514,0.044593409
22280,0.043084992
9506,0.053549903
35102,0.074907548
22350,0.049949295
22282,0.058696243
44314,0.043082068
88623,0.097011446
9527,0.047538611
43335,0.071241527
104511,0.422602164
22372,0.351535425
92877,0.201785653
22120,0.08906639
122437,0.125756617
22304,0.112438805
122215,0.04772469
59494,0.0543202
9457,0.054171206
122563,0.112176476
22349,0.088356033
9658,0.043151014
9508,0.083233279
67454,0.04269688
22136,0.217754517
44328,0.049080428
122478,0.152792297
122298,0.053290209
22210,0.076224656
22331,0.067221399
9542,0.066041449
9602,0.045485276
100325,0.051073534
9465,0.043263722
9610,0.078896404
9628,0.045882586
9501,0.054910358
122574,0.050909873
9654,0.0541183
22130,0.107260328
122482,0.089721981
61230,0.05740494
122424,0.133979418
9643,0.046144823
43331,0.044708286
9704,0.04651502
9573,0.058422124
9557,0.044258635
44292,0.052270833
59505,0.063430045
9649,0.06847155
22333,0.074678151
22373,0.381850075
122400,0.054867608
35098,0.089028317
35052,0.073750263
9511,0.043540094
88658,0.082051691
43343,0.103263795
43305,0.053777368
9489,0.044263871
35041,0.066480026
9579,0.044859623
59548,0.081983979
35152,0.057021976
9491,0.054131539
122451,0.055543822
9562,0.04669225
9645,0.057498245
9714,0.050864848
35059,0.045018412
22018,0.067039288
97551,0.209605818
122427,0.099513308
9641,0.066383999
122224,0.090362152
44289,0.050500044
104491,0.050778557
9566,0.044586262
122250,0.044570644
59489,0.04512372
35162,0.043680825
43307,0.105753428
22063,0.050107584
85870,0.04274662
44321,0.081565023
59532,0.044290416
22212,0.060812668
22178,0.135470503
15258,0.051500736
44356,0.058798815
35051,0.066708223
9532,0.043212047
9689,0.0473917
9556,0.045909584
9601,0.043530066
122210,0.05332611
97618,0.055739472
61223,0.043863499
35103,0.048328689
104516,0.053289107
88660,0.11719766
92918,0.472158881
9625,0.069034615
35094,0.068651877
9648,0.063645091
35130,0.048402964
35154,0.048302344
122205,0.188482078
9531,0.044863546
9656,0.044262794
104509,0.046936477
59563,0.043197809
59525,0.04278609
43333,0.114191242
22299,0.188530916
122267,0.076575904
122255,0.165576781
67510,0.043756121
100297,0.048478582
122361,0.050965969
22254,0.046008487
43340,0.045161803
35009,0.051896176
35142,0.049386347
100336,0.063530912
35160,0.047286434
35114,0.059156792
43327,0.0438302
9518,0.058607784
44299,0.043224968
39847,0.048192107
122399,0.121208592
35018,0.043127641
43344,0.044912756
79443,0.05137525
43323,0.058901055
122187,0.048663468
15129,0.050303186
9652,0.056717868
9712,0.058028848
9669,0.049100665
44327,0.045296468
122425,0.075310762
22339,0.063590543
22240,0.065328304
9690,0.050981876
104519,0.058259865
9683,0.055027701
104506,0.049436281
9637,0.043670117
22368,0.460362079
22329,0.04754166
9515,0.047465647
122274,0.066625195
9471,0.052412586
122182,0.224630791
97496,0.061079379
35145,0.058434548
122364,0.075944157
59516,0.043357354
22027,0.096359261
44363,0.055306584
9619,0.054109284
44341,0.052724189
104520,0.049291136
9580,0.054507508
9621,0.04761454
22229,0.065542339
44325,0.053533032
9533,0.044250979
59562,0.043127813
22043,0.119389325
22303,0.147403303
35110,0.069643698
9512,0.0428208
22107,0.047865838
106104,0.044533613
9701,0.050338468
88610,0.096406841
9651,0.061302495
88653,0.064530032
35129,0.044627844
59504,0.048242504
118591,0.045994074
35107,0.063232612
61214,0.043142568
43311,0.043381771
22371,0.061535667
44291,0.045360013
9497,0.047576246
44326,0.061363621
9706,0.043777799
9576,0.049840052
35127,0.042962089
104495,0.051052234
35109,0.059371555
35020,0.044660911
9702,0.067686713
9644,0.044087298
9526,0.051808695
9524,0.042753292
97540,0.122776169
9593,0.079936255
44357,0.05889764
59551,0.043001878
122439,0.068590296
22197,0.048302443
22117,0.05223189
122220,0.05386516
43326,0.044163325
79158,0.044954962
122285,0.051300009
122329,0.047910833
22006,0.057154657
88630,0.050661179
59488,0.046125871
122464,0.060541393
100261,0.130339671
97582,0.187769959
35117,0.043658024
35030,0.04977646
35146,0.045999684
104518,0.047760573
122322,0.07328629
22185,0.048159035
22024,0.086068049
122475,0.067820508
44308,0.043629729
22473,0.045646509
85799,0.160961139
44302,0.042876752
88646,0.104076549
9698,0.049176012
43336,0.084353981
39641,0.043578714
61649,0.061184638
59546,0.056612957
35093,0.064480294
122233,0.052501732
85733,0.052253057
122190,0.069460743
9539,0.043508184
97602,0.043453573
44312,0.049408653
9667,0.046192552
35080,0.048540999
122365,0.328247246
66313,0.04270117
122347,0.157705158
22086,0.057368503
9468,0.043202931
44322,0.044605968
22346,0.051300743
22108,0.074078206
35015,0.045628119
97523,0.051010988
59521,0.068852924
92836,0.047333646
122258,0.066600712
44351,0.053557172
35062,0.050043157
122257,0.082210982
59493,0.074440065
35148,0.057869106
35072,0.078090082
104489,0.044393972
122232,0.107076922
43317,0.042900023
22089,0.077360213
9609,0.043644241
91960,0.056208512
97541,0.070161259
122292,0.054606185
43347,0.063609601
122446,0.063934856
35140,0.065406779
59528,0.045307543
59511,0.064145098
122578,0.102480119
35084,0.053854669
35005,0.047065161
9592,0.043992954
104503,0.05274352
104492,0.042999874
22285,0.06976863
122430,0.072726741
9676,0.043726762
35034,0.043976182
122238,0.078810821
59537,0.043152546
15055,0.053476912
88595,0.100006002
88596,0.045265382
15056,0.042556455
39921,0.051793806
15061,0.163036807
15065,0.042556455
15069,0.042556455
88651,0.05758963
15080,0.045055843
15083,0.068281596
15084,0.047512977
15111,0.169372176
15113,0.053105106
15114,0.082365336
15138,0.066403035
15141,0.067492891
15151,0.055706758
15193,0.045456627
15092,0.050243631
15194,0.042556455
88699,0.048680174
15203,0.042556455
15090,0.061042355
15204,0.043861669
15219,0.048898771
15101,0.067650258
15225,0.042556455
45985,0.05067501
15227,0.043295015
88685,0.045765526
59554,0.056782775
15247,0.046113918
15252,0.073881846
88671,0.044332225
15267,0.056304884
88766,0.043360818
15289,0.042556455
88712,0.04934878
94337,0.046445817
88669,0.053532987
45863,0.100913524
88664,0.062012841
88652,0.107623157
15179,0.074368977
45969,0.046819108
94372,0.206982134
94342,0.056863725
45924,0.062847607
15166,0.044823056
15159,0.054036705
15119,0.042556455
15302,0.064402226
45834,0.051549349
94360,0.042556455
94347,0.056922309
15133,0.062695145
45965,0.044516494
88634,0.10396597
15117,0.061903084
15174,0.045347135
45835,0.143263479
45856,0.163087014
88655,0.052063497
15296,0.046479596
9467,0.04301549
88613,0.073852871
15228,0.047865437
45833,0.096853962
15124,0.057263187
15095,0.046687692
15165,0.043297453
45935,0.061662688
15187,0.057225601
45940,0.042945894
88683,0.045969944
94334,0.044034381
45855,0.043143354
45988,0.078568366
45893,0.043288764
45840,0.075363753
15139,0.07033769
15131,0.126996117
45952,0.080547795
106108,0.044230128
88643,0.060092862
15145,0.044461214
88614,0.079470588
15243,0.046329661
45859,0.049000969
88640,0.058650424
88656,0.052837672
15078,0.046802649
15106,0.044041602
15073,0.046743737
45959,0.096006886
15096,0.067829481
88663,0.052851587
45925,0.045690566
45898,0.055500712
15128,0.047841306
45849,0.043007964
15140,0.065562831
15283,0.044894479
15085,0.050160088
15068,0.067144505
45942,0.053747364
15107,0.051597467
15062,0.066750441
45911,0.078459562
88789,0.047436439
94359,0.055524813
88697,0.051830572
39879,0.125596401
45842,0.051680957
45873,0.046944249
45927,0.045684719
45936,0.054110377
15304,0.062226703
45957,0.047461648
88787,0.049584913
109509,0.043412623
94378,0.097183014
45930,0.064852954
15199,0.044128295
88734,0.055057215
45983,0.055653583
15108,0.053169399
45892,0.0510075
15226,0.069620165
45913,0.049746046
88690,0.047442778
9675,0.043096976
15082,0.047617173
88642,0.053962493
45964,0.054627781
88691,0.045018229
88620,0.04787025
88762,0.047312494
15089,0.112085338
39679,0.050945227
94364,0.048229918
88706,0.042556455
15260,0.051036211
45909,0.099464336
88680,0.05848668
106118,0.048254609
88618,0.090465304
88617,0.061069675
15245,0.117238425
45979,0.100133225
88781,0.063643739
45947,0.067968825
45874,0.061070088
45916,0.062729654
15215,0.042613246
15181,0.078117396
88790,0.042912978
39880,0.04974987
94357,0.097526186
88602,0.042556455
45905,0.071352381
45868,0.042906589
45894,0.045194932
45976,0.050309474
45883,0.048023402
15213,0.088443997
88785,0.044241691
109505,0.053690496
45899,0.082349614
15232,0.044646852
45955,0.054863183
15156,0.052107917
39870,0.062994943
15169,0.060211998
109508,0.046412195
109511,0.050800795
45858,0.061085487
15125,0.054276477
15123,0.053109212
45960,0.04274261
88674,0.048352082
15269,0.043119118
15206,0.044940925
15155,0.055859446
15064,0.05819376
45861,0.046519994
45944,0.048724368
45852,0.043268501
35082,0.04363305
15253,0.057719757
15110,0.052034319
45919,0.043823887
9572,0.045219981
15100,0.043976663
15098,0.056552222
15212,0.042556455
39813,0.101079099
15210,0.045867186
45906,0.062532773
116906,0.042800872
15112,0.066331952
45901,0.057761644
45961,0.062287661
15167,0.049186361
15250,0.088227508
15274,0.057322426
88619,0.048881966
88599,0.049278812
15072,0.046396909
45938,0.097167552
88627,0.05227285
15163,0.065413735
15190,0.055272561
88649,0.049734885
88738,0.056318842
45968,0.063040151
88692,0.043237581
94352,0.042556455
109506,0.084478032
15171,0.061542613
45933,0.051144773
88601,0.049206083
39782,0.056882671
15211,0.042556455
88608,0.045779803
45981,0.063570653
45851,0.054802379
88708,0.043486431
94356,0.047643193
94363,0.070899877
94377,0.06288971
88731,0.049780057
15143,0.063686837
88735,0.043835338
88675,0.051848798
45891,0.053406715
88659,0.055521863
88754,0.042556455
15237,0.053008777
45881,0.087053675
15104,0.046590709
88749,0.050699714
15261,0.044530981
45967,0.090962803
88693,0.048833361
39790,0.048619995
15150,0.047268784
88662,0.045548053
45865,0.05467238
15248,0.059979675
15287,0.05384149
15175,0.0574613
61232,0.043098153
15136,0.044567115
9535,0.048771428
45953,0.04781095
15280,0.055347933
15196,0.044325538
45941,0.048082752
15301,0.045634935
88688,0.044326333
94358,0.054538289
15202,0.043029376
88718,0.047657967
39820,0.04411056
88729,0.052617505
94379,0.056978197
45846,0.053978705
88654,0.062320917
45890,0.044011313
39849,0.042818001
15231,0.045070541
88698,0.04470792
88616,0.045918388
15086,0.043222346
15223,0.042992392
15205,0.04295647
15268,0.043195197
88716,0.052170928
109507,0.047577717
94339,0.04755747
15180,0.04778819
88600,0.044915612
88694,0.042777768
45932,0.050370645
94353,0.046890748
88717,0.083754028
39884,0.045354688
45910,0.045921343
15255,0.046550479
88684,0.045094882
88628,0.047703769
15216,0.04264697
45954,0.052633406
64626,0.045853447
15099,0.086437533
39624,0.042937149
45921,0.046399655
15120,0.042900174
45871,0.047645291
59557,0.066986841
15115,0.046033356
94344,0.042882808
15272,0.043964193
88746,0.042556455
88720,0.045011636
15087,0.044866336
45889,0.043367675
45992,0.043828065
64660,0.073435004
88626,0.047076415
88639,0.054642388
88710,0.053721505
45872,0.056836326
88615,0.045267713
88724,0.043289207
88668,0.049772195
15266,0.042982911
88704,0.047950367
15122,0.052859619
15075,0.053264489
15198,0.043070107
45900,0.058416076
45875,0.043000282
35087,0.061941066
15103,0.046374293
45908,0.050162056
39788,0.045057988
109513,0.050797822
22004,0.10334582
22003,0.11731064
22007,0.042556455
22015,0.045000454
97587,0.100337059
22034,0.043563194
97631,0.057303897
22049,0.059030549
22065,0.043175228
22073,0.052296635
22098,0.111892137
22103,0.044993353
100312,0.093290229
22104,0.053610877
22124,0.089642844
22134,0.044041893
22151,0.073463714
22153,0.043260649
22161,0.051516614
22172,0.061608486
22175,0.043994632
22188,0.045751815
22200,0.052309602
22192,0.054759278
22206,0.062684247
22306,0.06435949
22222,0.079789798
97502,0.053377013
22223,0.043033421
22224,0.043168959
22233,0.048819163
97663,0.109590396
22245,0.045643769
97620,0.065082509
22275,0.057955886
22290,0.042556455
22296,0.047682715
97667,0.067664151
22310,0.04340853
97558,0.056457327
22314,0.042556455
22334,0.07520124
22338,0.143517611
22343,0.047633207
122423,0.050984835
22351,0.045723157
22363,0.0707511
22370,0.051555878
22375,0.042556455
22385,0.042556455
22390,0.042556455
22389,0.044702914
22404,0.042556455
22397,0.043204806
22405,0.044640374
22407,0.042556455
22419,0.045796223
22424,0.042556455
22428,0.042767138
22445,0.042556455
22492,0.042556455
100273,0.088019511
22500,0.043022506
22502,0.053506337
22169,0.050611079
9502,0.061186489
122432,0.066933386
122324,0.047449442
122213,0.074075582
22026,0.044360801
122581,0.097065196
22234,0.046312151
122299,0.070728461
100322,0.124815054
122194,0.27060807
22165,0.042838505
22244,0.0426133
22316,0.045533537
22508,0.047856035
22276,0.043416441
22251,0.056134155
100295,0.062277909
122262,0.042678887
122317,0.045061137
122316,0.108613977
122318,0.065158379
22214,0.045074902
22033,0.052797575
122295,0.044825236
22225,0.094268955
100282,0.053366949
122651,0.048568616
22186,0.128656748
22198,0.151739208
122452,0.093394243
122444,0.058215042
22239,0.048158081
22112,0.046883456
122327,0.061853785
97681,0.123859639
122481,0.183065477
122328,0.074446699
22193,0.044864059
122483,0.107647815
22341,0.071629677
22353,0.059792658
122580,0.089673449
100308,0.067161419
122216,0.056220301
122333,0.07997325
122459,0.05638566
122293,0.110685
97637,0.064051826
22074,0.10138386
22114,0.098165499
122269,0.063933785
122296,0.074868409
22127,0.074212684
122204,0.106159643
22267,0.044383477
22051,0.085469217
122271,0.065855621
22406,0.049849637
92876,0.05053878
22052,0.051340251
122203,0.072970702
122358,0.06045582
122462,0.070482356
122463,0.055856054
22291,0.053369289
22292,0.094351159
22115,0.043500381
22300,0.084722323
122538,0.045626385
122557,0.04587297
122263,0.051887979
22319,0.062326514
22121,0.299815303
122247,0.052314271
122484,0.064106602
122410,0.056946223
100279,0.062698995
122249,0.123722703
22097,0.047631573
22288,0.050608568
122466,0.071014327
122183,0.178415069
122230,0.077533552
35067,0.045690155
97622,0.097136423
22228,0.054285181
22005,0.078901548
92808,0.124289807
22132,0.062208497
92852,0.092018762
22298,0.058209728
97615,0.087249796
97578,0.06552698
22129,0.044132153
22213,0.053030803
100321,0.044358095
92896,0.044002925
22183,0.08127407
92909,0.075101421
22154,0.078886027
122343,0.079578213
122415,0.071004865
97536,0.048287841
22311,0.045768081
22181,0.049180065
109729,0.045757852
22035,0.056350247
85845,0.043017777
97662,0.059835244
100270,0.048065049
122223,0.045433878
122401,0.069491249
22324,0.057905222
22345,0.043185928
100344,0.044913133
122278,0.048963209
22168,0.067453028
122268,0.06797899
22095,0.057714926
122227,0.047434596
122235,0.057040304
100333,0.048593383
22327,0.045410369
122376,0.065897755
97498,0.051423628
22096,0.051368322
22434,0.074869737
100293,0.051566871
122321,0.091373845
100292,0.043462659
97495,0.049678185
122604,0.043330814
22048,0.081590273
122302,0.135472031
92825,0.044480389
122608,0.047780382
122388,0.083980603
122366,0.063734075
22271,0.053445971
22269,0.047943231
85884,0.042965438
122320,0.05362071
22475,0.05356014
122284,0.046087936
22012,0.046153343
122294,0.04296787
22014,0.148490032
122222,0.047720198
35011,0.057528885
22249,0.052547059
22069,0.056115158
22335,0.087485312
22227,0.046643399
122185,0.049247263
122253,0.051804184
122363,0.052900549
22199,0.043975315
35035,0.046082926
22295,0.046001489
122467,0.165108175
122382,0.046406977
122192,0.054375976
22068,0.050076692
22205,0.059832564
122330,0.055563606
22253,0.049842329
97571,0.100401988
122341,0.046315627
122454,0.04552227
22087,0.113810166
122331,0.068285355
97525,0.139847657
122336,0.109787274
22017,0.062656346
122342,0.049236087
122527,0.045444953
97633,0.051439729
122359,0.053097426
22173,0.064509624
22286,0.071089543
22247,0.199061837
22281,0.043104582
122531,0.071929352
109757,0.046257247
22297,0.056121166
97647,0.044927945
22220,0.074902889
122374,0.072272116
122310,0.050997303
122392,0.043286118
122191,0.070776081
122390,0.045728819
22302,0.063234452
22067,0.070411402
22369,0.085880067
122469,0.055792562
122441,0.073027085
122349,0.104924104
97500,0.049408632
92900,0.054880837
85777,0.044702199
122396,0.054442495
122456,0.060071375
122414,0.054013066
122377,0.050557428
22305,0.063470638
22307,0.043529134
22066,0.062308526
85823,0.042947499
122383,0.055385134
97503,0.044271399
100259,0.043184374
22409,0.042687049
22320,0.048596016
22436,0.045425316
22328,0.048682788
122297,0.043952719
22050,0.048427355
64726,0.042862127
22264,0.083875155
22386,0.0457847
22246,0.094544787
22518,0.043524249
92811,0.091594276
122576,0.043239831
22242,0.048421998
22480,0.050108432
22072,0.051390894
122270,0.04788844
122571,0.048448896
22081,0.063311863
100317,0.067713827
92872,0.043536291
22474,0.047414915
122650,0.052571416
85745,0.045338546
122225,0.044239405
122493,0.045049412
92866,0.081150631
122506,0.042669936
122508,0.042669936
97570,0.055502028
85783,0.056238216
92905,0.056647525
122537,0.054241637
22312,0.050346045
92867,0.054044223
22453,0.043859622
22147,0.047970026
122688,0.047294558
122198,0.051372914
22044,0.057709994
97676,0.085230047
122479,0.045060046
92919,0.049665295
9607,0.048390384
22148,0.045847452
122587,0.044671757
22315,0.049122353
100330,0.079052137
22318,0.046895711
22159,0.043492442
22099,0.043488815
22376,0.058464134
122275,0.15498245
22443,0.046415542
122243,0.044667305
122472,0.063914094
22082,0.045806122
64862,0.046396188
97630,0.076924351
97556,0.047480078
22009,0.045790923
122362,0.103812015
122353,0.049974751
122351,0.043609011
109712,0.054672505
109728,0.044180098
122668,0.053933275
22232,0.097507713
39801,0.043617431
85750,0.043007296
122282,0.043280007
97497,0.042692749
122326,0.051401398
85746,0.071624813
22362,0.046363903
122480,0.07288051
122387,0.081791947
122280,0.072840448
97596,0.049796262
97550,0.070898366
122370,0.04885896
92870,0.055264069
122283,0.046834758
9549,0.047198027
122471,0.055055563
122256,0.044192494
122413,0.04641141
122470,0.059375973
100289,0.096623301
122713,0.044916148
92835,0.095644192
97548,0.148795861
85885,0.047186512
22266,0.054555477
22146,0.058668926
122665,0.043183038
97632,0.046374477
122193,0.051413562
97565,0.055159323
122458,0.063137727
122546,0.064067231
22078,0.044359915
100264,0.063053785
59534,0.047878686
122685,0.050155011
97559,0.10021507
122468,0.046533168
122368,0.042881149
92897,0.047220591
122632,0.043404628
22202,0.047879095
122465,0.045263222
85780,0.045928748
92849,0.043420366
92850,0.049562453
122461,0.161300395
22055,0.064627783
22257,0.055021998
22054,0.05484906
122683,0.063707067
22116,0.070255103
22510,0.046061533
22357,0.05939372
122398,0.044012806
104470,0.067038404
92915,0.043681975
97581,0.075039617
122561,0.043764827
122338,0.081633065
22330,0.043025392
22031,0.044408033
92846,0.080539131
22077,0.048424365
122638,0.043131234
122504,0.047506333
64656,0.043256224
64607,0.043621864
22378,0.044632115
122426,0.052003922
22059,0.060548243
97597,0.046815923
97535,0.130105144
22060,0.062650005
22410,0.04349078
22396,0.048580757
97655,0.062027319
122624,0.044134773
122662,0.049454819
122429,0.061367392
97645,0.0460483
122237,0.048456032
22379,0.049017115
122314,0.047911773
97668,0.060770932
64735,0.051217023
122339,0.058259427
122503,0.048010422
22462,0.043437307
122277,0.063672797
22416,0.049060758
97654,0.074690716
79167,0.045765493
97537,0.06388538
22400,0.063177279
92898,0.066443075
22455,0.043471499
22506,0.047176197
122660,0.04445075
97533,0.063517413
122600,0.052700257
122666,0.045483319
97612,0.061647462
122541,0.04288802
122485,0.048305319
22337,0.044189881
97519,0.063638277
109783,0.042667769
109743,0.044768099
97658,0.052307247
122457,0.10201343
22189,0.050294997
122445,0.044047051
97664,0.061845278
122535,0.11604133
122568,0.042591167
79066,0.046129621
61608,0.042720117
39824,0.043792143
92823,0.047075729
92848,0.045941585
97611,0.08694609
22036,0.045343363
92828,0.072479935
122551,0.046571028
122394,0.050407912
92914,0.067455751
100266,0.045489206
92810,0.055718111
22248,0.042810021
22359,0.050757819
122337,0.055227593
97683,0.052959877
59517,0.042775682
122286,0.044233921
109813,0.043258946
22221,0.046365815
22106,0.047360301
9544,0.103625836
122202,0.054647263
35123,0.068314957
39786,0.043045414
22470,0.058517677
39817,0.04914001
122474,0.049277222
22403,0.069197053
100324,0.042681231
22102,0.045355246
122499,0.048567403
97586,0.043555477
22190,0.061146766
107870,0.05013748
85814,0.044545776
97661,0.046411377
97528,0.058204918
122356,0.045656321
64603,0.078515984
92839,0.07710952
22308,0.05306018
85743,0.043436259
22487,0.043835891
85732,0.082791536
97646,0.06176104
35044,0.052520512
122212,0.044012201
122550,0.052184406
109740,0.045632675
92861,0.055799751
92912,0.049542145
122419,0.048688389
22395,0.043001242
122605,0.044931595
22219,0.046352491
22252,0.07480824
22250,0.046820815
122585,0.048928625
85739,0.069555923
22321,0.045692298
22491,0.067760447
122301,0.043426238
100332,0.052945238
22025,0.051402874
97530,0.067479125
92902,0.045873791
122602,0.045061748
22110,0.049724413
122226,0.066175399
97666,0.056204439
92882,0.052607681
97613,0.042744173
122583,0.042951339
122340,0.044911883
122708,0.051091103
97508,0.045768294
122637,0.0445346
97591,0.065536341
100309,0.054086655
122674,0.042839754
100298,0.052245998
122385,0.042672045
122691,0.048660923
122421,0.048933806
122380,0.05938062
122290,0.046581121
122214,0.046914132
122306,0.059629022
64655,0.043786276
92827,0.043383637
122402,0.043085008
97576,0.043357289
22382,0.043007866
122548,0.04419855
100272,0.046429768
122497,0.050651773
85883,0.045005559
122491,0.04265023
122678,0.042776368
122352,0.048051928
100302,0.044504931
122614,0.046886341
122369,0.060870184
22083,0.044192128
22016,0.051707909
122656,0.046880248
35007,0.057089153
92845,0.042677598
122515,0.04390275
97506,0.04587383
85832,0.053077918
97531,0.044446672
22038,0.058696812
22141,0.045084187
22218,0.048347492
122684,0.043284292
97619,0.048505317
122381,0.043120129
122473,0.042717405
122313,0.048671487
97521,0.066731407
97595,0.051852741
122591,0.054148188
122612,0.046799784
22260,0.047706695
22174,0.100450976
100306,0.080510008
22042,0.043043513
95650,0.069809341
122533,0.042639329
92840,0.050643392
97538,0.055356447
122201,0.080862044
92907,0.043008188
122242,0.042663718
64602,0.053066395
97638,0.044222689
64799,0.045410901
64826,0.052976673
85856,0.046903563
22216,0.061105788
109806,0.051601818
122241,0.050953629
22195,0.046930811
22088,0.04534528
122346,0.045700851
22019,0.045671224
85843,0.04302385
22156,0.042962687
122611,0.059421487
22277,0.072376482
64701,0.079326557
109714,0.043630333
122350,0.060719794
85786,0.04263931
122525,0.044975819
35012,0.042556455
35014,0.043126971
35039,0.042556455
59566,0.051447106
35088,0.042556455
35106,0.042556455
107873,0.047234369
35111,0.055443017
104488,0.045263677
35136,0.042556455
59526,0.05080813
39822,0.043842118
116887,0.043154685
9551,0.049021762
35032,0.047270207
79407,0.042556455
9581,0.046459598
35155,0.046212547
59491,0.061334961
9504,0.043887564
35112,0.042620606
35066,0.046258148
9638,0.043925424
35134,0.043673992
43321,0.059219223
9700,0.058409153
39816,0.042556455
59487,0.044356043
9684,0.050700188
61221,0.042556455
104513,0.066875153
61590,0.044449634
9707,0.069768798
35108,0.045987769
35056,0.043619857
9599,0.049891696
35081,0.047450134
122572,0.047941026
122704,0.042556455
85800,0.052478418
39819,0.045478056
67472,0.042897741
39798,0.050193407
9615,0.046422332
91963,0.044326765
9560,0.044561068
9540,0.048428483
9665,0.04341276
9642,0.042722875
91954,0.04416793
59501,0.0431476
35045,0.04337556
43334,0.082818238
44298,0.046328029
59524,0.044346845
59522,0.043507895
9521,0.043276007
43328,0.048682805
39614,0.042897044
39696,0.042556455
39724,0.072059026
39698,0.053023752
39864,0.045666956
39807,0.04422389
39875,0.053020364
39903,0.048269016
39928,0.042556455
39938,0.042556455
39951,0.042556455
39681,0.042556455
39646,0.083610012
39629,0.047456062
9663,0.049178037
39647,0.07662178
39775,0.049808629
39933,0.048740932
22284,0.063299236
39802,0.043875497
43316,0.042556455
43339,0.054161454
43320,0.045473347
61218,0.044374209
61237,0.043403605
9696,0.046213571
43338,0.042971102
43308,0.049216784
61220,0.042556455
39890,0.043932342
44338,0.072375451
39623,0.046193487
39805,0.04640554
39695,0.043069699
66300,0.066918436
59506,0.051481186
44293,0.043616025
44347,0.048588941
105396,0.049617556
91942,0.05012874
39932,0.042556455
39942,0.044192933
44304,0.06193532
39867,0.051182036
9717,0.050545753
44295,0.043082541
9606,0.042556455
9586,0.043612423
97653,0.054083542
45844,0.042556455
45845,0.043849185
45854,0.042556455
45877,0.042556455
45885,0.048020267
88686,0.043175804
45912,0.04516537
88667,0.052653935
45929,0.042556455
88722,0.042652953
45934,0.044216372
45939,0.042556455
94362,0.060245946
45945,0.043042844
45950,0.042556455
45951,0.042556455
94335,0.044455983
45956,0.044937187
88645,0.043159587
45962,0.042556455
45971,0.043298587
45972,0.051640239
45980,0.042556455
109171,0.043906592
39881,0.046945647
15093,0.04523343
15186,0.042734826
15063,0.044679012
109169,0.043975163
109168,0.04554526
45888,0.042556455
15230,0.043431097
94346,0.049614193
94355,0.042867809
15132,0.052389465
45937,0.051263962
15275,0.060630954
15067,0.047480162
45917,0.042931171
88638,0.061688864
15214,0.042556455
88657,0.059039887
88701,0.044391654
15109,0.046352844
109510,0.045641772
88725,0.042613065
94375,0.043682076
88636,0.043951751
45958,0.05638003
88670,0.042556455
109504,0.044856153
66306,0.043058284
45990,0.048054936
88748,0.043035477
45857,0.043526335
88689,0.04485583
45923,0.043767567
45841,0.043678794
45984,0.043349082
45850,0.045868417
94338,0.061161903
45862,0.054618232
88740,0.042823496
15059,0.074602199
88650,0.045867436
45838,0.046010022
39869,0.042850134
45876,0.060715522
45986,0.0431968
15256,0.042681216
15172,0.044565275
66317,0.045059382
39784,0.043184696
55863,0.044472516
61605,0.05333104
39769,0.047521748
15209,0.057861058
39734,0.042873812
39645,0.053045855
44353,0.042837986
39746,0.045864667
112951,0.044449433
39885,0.051948697
39778,0.045429716
39760,0.043913881
105386,0.045585479
66301,0.045783841
39632,0.043466123
39776,0.075062032
95670,0.042625063
39732,0.045682588
61574,0.048816256
39908,0.044158478
95643,0.054979872
39759,0.047649565
105406,0.043940077
39727,0.053374206
39713,0.043180612
39754,0.042994128
39642,0.04538178
105409,0.044416854
122273,0.042733923
22217,0.061769723
22166,0.05233661
122435,0.058769974
122389,0.055128517
122334,0.043628468
122547,0.042711467
64790,0.046628187
22158,0.048994465
22061,0.044721405
109716,0.045088246
122428,0.043393959
92916,0.044210651
92803,0.043384151
22196,0.042754592
122379,0.045545021
22211,0.058931729
97682,0.050946326
100275,0.067882969
122219,0.050172424
22028,0.042733633
122542,0.052583797
97680,0.045460019
92820,0.050074101
22347,0.042976026
100316,0.047455418
122412,0.048519194
22448,0.044998348
22176,0.043247338
22070,0.044397837
85792,0.054370982
22177,0.045402904
22085,0.04464918
122598,0.046506075
122505,0.043022684
92891,0.042900402
35132,0.043480765
122184,0.047465594
9687,0.043586132
85752,0.048082986
122686,0.043517276
59519,0.042778602
122344,0.045327226
122246,0.044331076
92858,0.054501136
109784,0.043957536
22365,0.049204791
122395,0.042771915
122345,0.044112641
22309,0.048088114
22105,0.044168367
97549,0.043894376
92817,0.050313207
122367,0.042918161
85773,0.043343635
100294,0.043705449
85728,0.042883752
122405,0.043053269
122489,0.055637539
22488,0.049516281
85776,0.047153692
122693,0.045651813
85778,0.049371895
22144,0.043078302
22046,0.044053182
22075,0.044692987
97526,0.054715685
122434,0.04426379
22145,0.043392388
85722,0.045396334
122323,0.043427105
100290,0.043166706
92880,0.056809496
100318,0.051389394
122661,0.047820619
85866,0.043217292
109810,0.043593647
107877,0.045223039
100296,0.044042997
97568,0.057629795
22118,0.046505826
122265,0.043288185
55841,0.042556455
55845,0.050011635
55852,0.048137305
67612,0.042556455
55850,0.064443763
55865,0.053409246
55843,0.045019613
55849,0.058968828
55866,0.054447757
55876,0.043721319
55872,0.044003558
55862,0.042981061
55875,0.049691853
91957,0.044443064
66322,0.059053357
55856,0.042945949
55867,0.04997555
55846,0.045497477
55873,0.042789583
55848,0.043802001
55870,0.047652757
55844,0.053810435
55861,0.043345103
97574,0.069342472
15234,0.04957597
45989,0.042767329
45991,0.049179337
94336,0.043515711
15188,0.042736059
15281,0.043895801
45866,0.042822241
45963,0.043247627
15170,0.045018771
15162,0.044109464
15153,0.053660971
94351,0.046177843
39830,0.042837749
106107,0.043972592
45880,0.043547706
15116,0.060642451
94365,0.052695254
45864,0.046022795
94368,0.045650468
15184,0.048814735
88750,0.042859918
45853,0.042676325
45878,0.045189314
15148,0.042756308
45903,0.047521095
15251,0.042556455
15271,0.043743662
39766,0.044867526
44318,0.051473755
66608,0.042915585
39850,0.046307183
61670,0.044026779
59538,0.04759715
67496,0.042556455
39796,0.043186162
35077,0.043437382
9661,0.04352663
61745,0.044926888
59545,0.047765995
43341,0.044227221
35040,0.051296737
22076,0.045809061
59558,0.050257649
9550,0.04683203
35021,0.049386857
59490,0.04997931
35105,0.044019493
122518,0.045671715
9463,0.043877706
59543,0.051832324
61212,0.042556455
61239,0.042556455
61222,0.052644934
59531,0.04371939
61234,0.042556455
61233,0.043356833
43325,0.053140617
61227,0.042568155
104493,0.043029669
61231,0.043466123
61554,0.042556455
79289,0.043028001
61589,0.042556455
97515,0.055021128
61619,0.045867513
79282,0.051738858
61734,0.042556455
61741,0.042556455
61747,0.043697552
61744,0.047601836
61726,0.044832984
79054,0.046620868
61552,0.066572158
61561,0.085385268
61575,0.047901566
61560,0.052633957
79168,0.042744531
79090,0.064056942
61651,0.079802805
61646,0.06818685
79341,0.042637881
61611,0.055206962
67598,0.046305001
61632,0.048632107
61630,0.051576875
112926,0.042619861
61708,0.047901119
79456,0.04343116
61616,0.057883046
61691,0.042556455
61623,0.042556455
61694,0.055344269
61748,0.0664648
79260,0.043584411
104487,0.047136597
79431,0.054910033
9677,0.047667501
102511,0.046178006
100287,0.043953021
116904,0.044502867
79015,0.063697376
79084,0.049341404
61610,0.045913945
64786,0.052162621
79176,0.048577371
64792,0.046148095
79353,0.063211299
105390,0.042865284
79119,0.058057552
61749,0.052810317
95584,0.066645256
61720,0.054284292
39818,0.043137375
97520,0.057561704
61750,0.056269615
100277,0.056720561
92871,0.048405629
22398,0.044089053
22383,0.046509078
122631,0.044505031
79137,0.047225203
122332,0.079040321
97563,0.048770073
97606,0.047332527
91946,0.043257038
85875,0.0426759
64608,0.044785296
64621,0.042556455
64631,0.051960725
64606,0.059964265
64633,0.04564505
97539,0.083282576
64650,0.043007494
64698,0.042556455
64700,0.044514417
64677,0.049347613
64750,0.042556455
64619,0.054566025
64759,0.046476103
64764,0.042556455
64775,0.050540035
97580,0.053826526
64781,0.042556455
64819,0.050909504
64783,0.044586003
64856,0.065217325
97627,0.068215625
64810,0.051319389
64784,0.043374719
64661,0.059353021
64785,0.085752422
64805,0.0790411
64793,0.042556455
64639,0.048839236
64728,0.044388786
64828,0.045224185
97567,0.05428199
64878,0.053323881
64782,0.061453327
64739,0.045789882
64654,0.056627089
64623,0.054334058
64746,0.078193176
64702,0.051989039
64681,0.056469458
64812,0.054895277
64741,0.046663942
64616,0.068401675
64637,0.051006401
64867,0.050676271
64859,0.042862884
64664,0.042853362
64721,0.057447855
64863,0.046430447
64710,0.066327086
64860,0.042909256
122519,0.042687201
64679,0.052491334
64761,0.047288397
97629,0.052971978
109175,0.043137142
64716,0.047115685
64818,0.04321757
116898,0.052672437
64719,0.063383313
64622,0.046880506
64771,0.074862209
64877,0.043805373
64625,0.043467591
64627,0.043960436
64738,0.058173336
64614,0.046577456
64864,0.063876231
109163,0.060079394
64645,0.050839754
64610,0.042556455
64839,0.046148315
64854,0.043284223
109166,0.043946806
64791,0.065696734
64857,0.052351255
64841,0.049913861
64800,0.067802111
64806,0.044580943
22029,0.043607292
64722,0.055913975
64840,0.048963149
64846,0.046877989
64842,0.04365692
22008,0.048298594
64756,0.055699365
64604,0.04927145
64829,0.045237499
64794,0.044178864
64723,0.049471719
64709,0.045835964
64695,0.045392727
64696,0.042556455
64708,0.044603988
64714,0.042761068
100326,0.043849216
97557,0.079981886
64646,0.058839695
64821,0.051015183
64866,0.045574695
64691,0.051261946
64715,0.048501792
64795,0.044481463
64736,0.043613991
106125,0.051392443
64778,0.063683355
64620,0.050007876
64689,0.050191565
64803,0.055248192
64757,0.055378474
122354,0.045816001
85848,0.045071893
109157,0.05076401
64788,0.045476218
64779,0.043168027
64873,0.043165818
97649,0.045674465
22084,0.044384953
9464,0.043499059
64692,0.049235821
64769,0.046060284
109176,0.058084829
64758,0.046250374
64804,0.048568729
64879,0.052835797
64729,0.044400337
64670,0.043036608
64768,0.054396554
64690,0.045104166
64760,0.045436436
64770,0.04571508
64849,0.042909926
64811,0.049245382
64663,0.043767689
64884,0.042768217
109162,0.046206846
64672,0.048585215
109170,0.042835787
64772,0.046773505
64725,0.045495349
109774,0.045381462
109164,0.048978686
97511,0.046281602
109773,0.043720783
64668,0.044445302
66303,0.05309151
104498,0.070569049
66315,0.042556455
66319,0.045036967
66320,0.046161524
39749,0.05934632
104497,0.050854766
66314,0.048964961
66312,0.04506639
66311,0.054516393
104500,0.043639756
35133,0.044585367
104479,0.049484825
66308,0.049300152
66573,0.042556455
66589,0.042556455
105389,0.042556455
66594,0.051645975
66599,0.043277152
66596,0.043880334
67451,0.042556455
79103,0.081260366
67466,0.042556455
67471,0.042556455
112892,0.048878752
79138,0.042556455
67477,0.04659561
67480,0.042556455
67482,0.04509925
61692,0.046904016
67501,0.042556455
115596,0.050384872
67507,0.042556455
61584,0.052993825
67511,0.042556455
79285,0.051397774
67527,0.042556455
67530,0.043982356
67545,0.042556455
67590,0.042556455
67601,0.042556455
79265,0.051353409
79035,0.050155291
67618,0.042556455
79067,0.057592929
67504,0.042857348
67548,0.063627744
67518,0.053388121
9522,0.045336571
112903,0.053929086
67592,0.052534664
67497,0.046501283
67634,0.044275293
67583,0.052926631
67603,0.068216386
79268,0.063216873
61638,0.075386227
112859,0.043656099
67539,0.042556455
79229,0.043798204
79046,0.061945559
78996,0.050839453
115597,0.048410946
97651,0.047631126
67529,0.04339502
67494,0.053357503
67644,0.044552557
67554,0.051857478
79256,0.048191282
67632,0.045467498
79252,0.047109153
61603,0.045700857
79116,0.052915507
79110,0.050136712
35089,0.046245913
115612,0.046086519
110835,0.043506053
67551,0.049361008
15294,0.04338591
67636,0.046997722
79477,0.052548832
102510,0.072358513
107849,0.057593352
61696,0.044298915
79147,0.043100267
35054,0.059442119
79146,0.042937332
22243,0.047216573
67448,0.043245074
61733,0.046638131
122540,0.043959049
122618,0.047397619
97524,0.058867205
64703,0.051349754
85862,0.046011276
85805,0.044038071
79108,0.046237491
85755,0.052932071
92913,0.043755296
91947,0.051469337
85803,0.044940598
122411,0.051820785
22484,0.045043954
92812,0.043433656
109790,0.044615262
85861,0.061817243
122593,0.043785132
64740,0.043169881
64652,0.044721489
64666,0.04502619
64706,0.05003019
64686,0.054875152
64868,0.060104442
9475,0.042556455
92851,0.04602436
97564,0.060688925
22439,0.043523909
100313,0.051530757
97545,0.044595597
85734,0.042757447
100314,0.048347021
109715,0.044223743
79008,0.071908604
22093,0.044572508
85855,0.045456024
92813,0.043627329
79343,0.062589455
92888,0.044746743
122555,0.043628067
22481,0.044216689
92893,0.044014466
85772,0.045238525
22313,0.054331816
85878,0.052299454
122567,0.048448387
97648,0.048944408
79140,0.048471803
85787,0.045790502
100340,0.044451112
122252,0.043839483
64685,0.045659836
35147,0.044526227
92843,0.045500844
22053,0.044054822
92841,0.050779711
92868,0.053378715
109722,0.044723639
85788,0.048205101
116899,0.05302956
97584,0.043387848
97573,0.064077853
100300,0.044964398
100269,0.045774021
79420,0.044445032
22090,0.045309707
116910,0.046510199
22171,0.0434368
22030,0.044219806
106121,0.046751402
97514,0.043046566
22056,0.049056466
92847,0.044451232
22261,0.048250296
122556,0.044830721
22507,0.043406311
22160,0.043941536
61679,0.042861775
109750,0.044701709
22057,0.042896293
97657,0.047277234
79048,0.042556455
79049,0.048686559
79053,0.042556455
79093,0.042556455
79094,0.049408509
79134,0.042556455
79136,0.052953109
79288,0.042556455
79024,0.042901188
79297,0.042556455
79334,0.042556455
79338,0.042556455
79423,0.0457705
79480,0.043190595
79461,0.045010504
79481,0.054895527
79470,0.044641888
79000,0.048554433
67505,0.050030258
61607,0.045772065
79452,0.045198037
9588,0.044706896
79383,0.050244957
79436,0.04267263
79131,0.044174666
67486,0.044940411
79491,0.042721006
79429,0.043601736
79148,0.042556455
79302,0.044499276
79453,0.04330318
79373,0.082095241
64734,0.043766816
61707,0.042989568
61666,0.043002962
79301,0.044019274
61572,0.046611385
79356,0.042556455
61639,0.043194213
79145,0.066278609
79318,0.042945082
79462,0.046604358
79446,0.042665839
79492,0.042556455
112942,0.042838829
79165,0.046222294
61626,0.045207052
79394,0.044073205
79175,0.043836809
79239,0.049079494
110838,0.044701317
61653,0.044867022
112886,0.048183232
79348,0.045748862
79416,0.043678535
79104,0.043199355
44311,0.042645069
79258,0.043837068
79368,0.043034021
79106,0.050203125
64632,0.043257061
79031,0.048099255
61727,0.04313007
79346,0.042778611
79164,0.042556455
79270,0.044745624
104486,0.042706331
79370,0.044502066
79352,0.045538494
112862,0.045260195
61564,0.042610549
61555,0.042989335
115606,0.043888825
79332,0.044785614
79244,0.046543099
79188,0.043682949
79321,0.053919495
67577,0.043157447
79254,0.045834805
64730,0.048116468
79245,0.042556455
79185,0.042556455
79058,0.043900678
79069,0.043900678
79038,0.042772892
79379,0.046539057
79485,0.051629948
79057,0.04273821
79283,0.042736687
79205,0.043196232
109724,0.0429657
64718,0.043843356
79111,0.042895228
78999,0.049621384
79198,0.051993139
67642,0.044837238
79304,0.048804189
79231,0.050521515
79001,0.04350472
61723,0.043783337
122658,0.048152552
79028,0.043402625
95640,0.045412131
79178,0.047441337
67589,0.04288199
64765,0.044305919
79280,0.042556455
79013,0.046189412
112883,0.04288049
79412,0.043645047
61669,0.044852331
59556,0.042900471
104485,0.045250124
61622,0.045920316
79375,0.049248171
106112,0.046923721
79291,0.04297866
79281,0.049503851
79479,0.044746977
79382,0.043359741
97675,0.042888021
61563,0.043924026
116892,0.043132366
22391,0.044447039
79102,0.048580484
79469,0.044741166
79161,0.04274255
39815,0.042819617
79218,0.042747186
79207,0.061540476
112877,0.042957054
109768,0.043583716
79173,0.043005791
112872,0.043566257
79179,0.043441894
79263,0.046079305
79241,0.045135551
79130,0.044820965
79206,0.044820965
79387,0.044820965
79097,0.044379502
85725,0.043149472
85726,0.042556455
85748,0.042556455
85770,0.04694963
85779,0.042556455
122679,0.056737013
85793,0.043140685
85802,0.042556455
85809,0.042556455
85819,0.042983162
85834,0.042556455
85851,0.042556455
85882,0.042556455
122695,0.044351077
85729,0.045788944
85747,0.043086603
22204,0.042829168
122260,0.04704043
22064,0.044518341
122544,0.044043609
55871,0.042556455
122245,0.043440013
122655,0.043496898
22155,0.043015231
100328,0.045537395
22187,0.050062834
109793,0.046449817
109791,0.043097265
122566,0.04694386
22236,0.045715073
85767,0.042663308
22387,0.043009055
85817,0.042665861
92889,0.044537744
122360,0.058636633
97504,0.045156677
122311,0.045140884
115614,0.046886721
59496,0.043934707
22235,0.049598616
109737,0.043154375
109805,0.042662517
109789,0.044799001
109776,0.04479771
85858,0.047972068
45978,0.042556455
97532,0.043462204
39896,0.043998616
39613,0.042818431
61647,0.043526784
45948,0.042894326
105384,0.04509937
88786,0.042556455
88682,0.051493874
15217,0.046779535
15182,0.042556455
109500,0.043826228
45974,0.043006315
15264,0.04329035
88755,0.042556455
15297,0.042892123
88641,0.042556455
91966,0.042556455
97639,0.042556455
88695,0.043414188
106103,0.042556455
88711,0.043312024
91938,0.042556455
39793,0.042556455
91939,0.042556455
91940,0.042556455
91943,0.042556455
91958,0.042556455
91965,0.043633264
59527,0.043549991
44346,0.049190953
104472,0.046514546
122281,0.04365583
92795,0.042556455
92796,0.042556455
92799,0.042556455
92800,0.042556455
92805,0.042556455
92807,0.042556455
92814,0.042556455
92832,0.042556455
122287,0.049799541
92853,0.042556455
92856,0.042556455
92857,0.042556455
92862,0.042556455
92863,0.042556455
92875,0.042556455
92885,0.042556455
92903,0.042556455
122588,0.043889517
85811,0.043283215
9474,0.04779755
122700,0.047104008
85751,0.042759341
122393,0.043708091
92881,0.042832903
122239,0.04438269
122575,0.042556455
39841,0.043192981
22101,0.042616594
122682,0.042757402
94367,0.042556455
94369,0.042556455
94370,0.042556455
94371,0.042556455
94374,0.053912443
94373,0.042556455
94376,0.042556455
94380,0.042556455
45847,0.043100278
15177,0.042556455
88742,0.042785272
15147,0.043943603
88606,0.043482537
95603,0.042556455
95619,0.042556455
105393,0.049272663
95699,0.042556455
95600,0.045925264
39738,0.042808548
95631,0.046030355
95623,0.050305783
39704,0.044214551
39717,0.043307923
79123,0.043040794
79284,0.043606194
110860,0.044313831
95676,0.047008977
95589,0.044162931
35022,0.047189174
95581,0.043368914
95592,0.042877059
95678,0.04364942
95684,0.042820856
95687,0.04271398
79232,0.042556455
64644,0.043548951
22138,0.042804177
97544,0.042556455
97554,0.042556455
116885,0.048502193
97623,0.042556455
122443,0.043307678
122309,0.042666092
22162,0.042621901
92890,0.042906905
122261,0.046614946
22417,0.042723509
100286,0.042837927
100255,0.045358971
22438,0.042813013
122554,0.043108378
59512,0.042684355
122373,0.044802603
122266,0.042814448
64624,0.042768767
79402,0.042591231
59565,0.042713464
122276,0.042858346
97600,0.047647182
122305,0.044925874
85723,0.049173835
97636,0.042821121
97510,0.042700359
9473,0.043044541
97607,0.053433238
122304,0.042556455
64753,0.042695065
22274,0.042591491
92816,0.042757415
22414,0.044132441
97547,0.04287235
22238,0.042845107
64871,0.04266352
22447,0.042599801
100267,0.043257733
122687,0.042556455
97589,0.043841718
97625,0.042791169
122264,0.044724027
79419,0.043142029
97569,0.042684688
22191,0.043666831
100334,0.043416305
100278,0.051399002
100337,0.042827667
100254,0.042556455
100301,0.042556455
100323,0.042556455
100345,0.045129252
97605,0.048933282
122447,0.0426194
85842,0.042772998
22133,0.044536102
122440,0.045652078
85863,0.043922294
122240,0.043773205
100281,0.042665199
9623,0.04331561
22201,0.043052574
122303,0.042749488
122709,0.042556455
85801,0.044348646
92892,0.042799736
22431,0.044020985
122433,0.044470773
122603,0.042735189
85791,0.0429619
100303,0.043509445
109762,0.042556455
100315,0.044008816
22259,0.04792955
122521,0.04365491
100291,0.042556455
22021,0.045698427
85768,0.04316653
102516,0.058402017
118543,0.054059624
118582,0.049817169
118516,0.043053622
102500,0.042713855
102523,0.055688196
102522,0.048803603
118544,0.054651347
102517,0.042556455
102504,0.046699836
102507,0.043237986
102521,0.045504365
102514,0.043177816
102512,0.043855526
102529,0.04403688
102527,0.044642195
102501,0.0501403
102534,0.042957279
102503,0.047285558
102526,0.047162393
118545,0.043303638
107868,0.045394809
118549,0.043939226
102509,0.042585368
79336,0.042928942
102513,0.042991215
102528,0.047369035
122676,0.042556455
102535,0.04451082
102508,0.04326191
102537,0.043706881
102538,0.043526068
102525,0.042556455
103905,0.042976288
103906,0.042556455
103921,0.042556455
103917,0.042650635
103910,0.043086922
104502,0.042556455
104508,0.042556455
44350,0.043352506
104515,0.042556455
22494,0.043782493
35047,0.05411397
59533,0.042556455
105395,0.043619261
61228,0.042556455
44331,0.042805658
39865,0.042747471
43306,0.042556455
35099,0.049185641
104475,0.042778413
44333,0.042605757
91953,0.045353163
64634,0.042663504
112948,0.044079579
35010,0.043241767
61238,0.042721495
66310,0.044665241
15244,0.047019754
61224,0.042661227
35064,0.0428814
105402,0.044559706
39725,0.042556455
9552,0.042582551
39652,0.042611154
106119,0.047301458
106124,0.042767729
106111,0.044963888
106106,0.042860727
106120,0.045452707
106115,0.048531912
88736,0.043263618
106105,0.04287259
107881,0.046493967
107847,0.042556455
107851,0.053206645
107850,0.04975322
107853,0.05054433
107848,0.0490764
107878,0.042673923
107856,0.043912587
107852,0.045446772
107855,0.042977239
107859,0.043029473
107867,0.042728971
107890,0.042861769
107860,0.045105413
107874,0.047336617
118499,0.045315621
118537,0.045071556
110837,0.044245594
107872,0.042664245
107880,0.043383083
107864,0.043654295
107875,0.043474601
95681,0.043074436
107858,0.043053288
79023,0.043230894
107883,0.042744754
107857,0.04317485
107879,0.042715092
107891,0.042617913
79126,0.046425961
107871,0.042625867
107888,0.045005285
107854,0.042819553
107869,0.042762822
112880,0.042903904
15295,0.044886512
39895,0.042713692
109172,0.042556455
64643,0.042601501
109158,0.049039023
64751,0.043262127
97527,0.042651971
64674,0.042703612
64680,0.047914459
64743,0.042566429
97652,0.043078255
64629,0.044415655
64813,0.042676957
64647,0.042586363
64776,0.042690897
64724,0.042655461
64675,0.042556455
64611,0.043037
64825,0.04257835
109174,0.042854033
109515,0.042556455
109501,0.04299505
88700,0.042836753
109751,0.042968421
109752,0.042556455
109766,0.053810675
109769,0.046346948
109767,0.047483978
109763,0.045560821
109802,0.042556455
22486,0.047197536
22467,0.042925916
92829,0.049900489
109719,0.042571395
85756,0.044145987
22483,0.043886184
22454,0.044227132
85815,0.042595043
97585,0.042574794
122565,0.0427331
109745,0.04272552
122582,0.046421543
122524,0.042850054
109708,0.042706724
109811,0.042871597
109761,0.043810677
85840,0.045155145
22010,0.042768448
109765,0.042864585
122641,0.042964969
109801,0.043287024
109780,0.04321865
109730,0.042858377
97517,0.043112025
122502,0.043600422
22423,0.042739897
61700,0.043306724
109771,0.047787234
97598,0.044947399
92901,0.042722923
109785,0.045102124
22452,0.043017353
116890,0.043507977
109748,0.043083856
109809,0.043083856
110830,0.044490331
110839,0.053451332
110846,0.04471895
110848,0.043053185
110851,0.042906277
110857,0.04523158
110853,0.043596925
110840,0.049722125
110858,0.042556455
110850,0.057278095
110861,0.045746175
110862,0.045290007
110836,0.04277034
95602,0.042916535
118572,0.051284207
112878,0.042696362
112912,0.042801745
112956,0.043466316
118540,0.042731674
112916,0.042967214
112928,0.045602252
109742,0.042736117
112902,0.046334877
112869,0.043298109
112909,0.043234725
112893,0.044177486
112860,0.044056376
112925,0.042556455
112874,0.050854979
105397,0.046434009
112920,0.048545088
112919,0.048661828
112873,0.043630376
118493,0.050974512
61628,0.042793962
112865,0.043755437
112879,0.043006962
118580,0.042556455
112888,0.043470827
112901,0.043451309
112946,0.043435157
109736,0.044592567
112947,0.043406393
112900,0.042746241
112894,0.042569356
112930,0.0426709
112882,0.042556455
112910,0.045361475
67541,0.042903008
67546,0.051384931
67534,0.042770999
67610,0.049478068
112955,0.042556455
118561,0.043444731
112890,0.047758017
112914,0.043101054
112949,0.042556455
112959,0.042556455
112915,0.042853255
112937,0.042820808
67509,0.042824086
112939,0.044384491
115618,0.047048921
64682,0.043196743
112895,0.042750556
39846,0.042604613
115595,0.046141076
115602,0.044905448
112887,0.043062592
112913,0.043147946
61650,0.042764348
115617,0.042983203
118564,0.04332904
112935,0.04263389
118590,0.042736496
109796,0.042636286
61625,0.042980381
115605,0.043212167
115609,0.045490441
67532,0.042754856
79063,0.042800213
115621,0.042610203
79323,0.046643916
115622,0.042817468
116900,0.04906993
109717,0.043051132
116907,0.042656785
122218,0.04265993
116891,0.043368556
115608,0.04257741
116889,0.042556455
100299,0.045304745
116903,0.042830764
59553,0.043163034
112932,0.042648742
116914,0.042684731
116908,0.045008625
118566,0.045497184
118502,0.042556455
118588,0.042620675
118574,0.042721628
118563,0.042556455
118510,0.04305354
118573,0.043048199
85877,0.043515124
118568,0.043130937
118571,0.044812623
118498,0.049890762
118519,0.044413753
118581,0.043321502
118511,0.042681529
79389,0.043708166
118536,0.042605772
102506,0.049165423
118508,0.044256375
110844,0.0426048
118494,0.042659152
118527,0.043099601
118550,0.049696909
118560,0.04259688
79335,0.045508918
118522,0.078729512
118562,0.042886446
118548,0.042623953
118593,0.043498445
118555,0.042645991
118524,0.042693555
122195,0.042556455
122209,0.042556455
109733,0.044030262
122217,0.042908621
122272,0.042556455
122300,0.042556455
22022,0.043382803
122325,0.042556455
122442,0.042556455
122449,0.042556455
122450,0.042556455
122453,0.042556455
122487,0.042556455
122492,0.042556455
122510,0.042556455
122520,0.042556455
122549,0.042556455
122562,0.042556455
104510,0.044017384
122569,0.042556455
122570,0.042556455
122573,0.042556455
122199,0.042843666
122589,0.042556455
97590,0.043348563
122594,0.042556455
122621,0.042556455
122625,0.042556455
122630,0.042556455
122635,0.042556455
122646,0.042556455
122647,0.042556455
122648,0.050901285
100265,0.053251551
122672,0.042556455
122673,0.042556455
122699,0.042556455
122701,0.042556455
122702,0.042556455
122711,0.042556455
122355,0.042707231
122244,0.042576712
22326,0.046019659
22361,0.042989815
122530,0.043109277
122595,0.054120069
97512,0.049081369
