key,paperYear
97430,2010
111411,2010
97359,2010
102484,2010
15416,2010
106059,2010
97436,2010
97336,2010
118412,2010
112810,2010
97479,2010
97413,2010
118456,2010
106095,2010
97394,2010
106099,2010
50039,2010
97406,2010
97446,2010
97362,2010
1547,2010
79870,2010
106047,2010
118411,2010
79602,2010
9853,2010
1370,2010
102487,2010
112849,2010
118491,2010
103863,2010
97466,2010
112817,2010
112761,2010
97434,2010
97329,2010
97339,2010
79993,2010
22625,2010
80102,2010
79995,2010
9902,2010
97428,2010
107821,2010
117448,2010
112750,2010
111393,2010
97365,2010
118393,2010
58935,2010
79863,2010
107811,2010
102479,2010
97355,2010
100215,2010
107797,2010
73292,2010
118379,2010
112815,2010
97384,2010
59679,2010
118388,2010
9830,2010
1585,2010
79830,2010
103871,2010
97366,2010
49966,2010
112747,2010
97450,2010
79657,2010
118454,2010
79871,2010
105210,2010
52707,2010
116665,2010
97451,2010
106078,2010
80025,2010
118451,2010
102474,2010
97363,2010
79769,2010
88852,2010
106083,2010
106090,2010
112785,2010
9848,2010
79868,2010
1655,2010
118459,2010
112801,2010
112809,2010
111391,2010
118476,2010
106065,2010
107819,2010
106093,2010
97371,2010
106100,2010
107826,2010
118482,2010
79907,2010
107793,2010
97444,2010
117472,2010
94398,2010
79576,2010
49879,2010
85966,2010
97348,2010
118473,2010
116690,2010
73602,2010
79805,2010
52598,2010
97380,2010
97478,2010
9834,2010
102480,2010
118471,2010
22567,2010
106057,2010
103884,2010
107822,2010
118375,2010
97493,2010
112837,2010
106026,2010
118474,2010
112755,2010
106066,2010
49946,2010
111412,2010
106085,2010
102493,2010
106035,2010
112767,2010
88981,2010
118469,2010
112748,2010
112856,2010
118463,2010
111383,2010
79565,2010
118378,2010
107846,2010
118447,2010
97426,2010
118467,2010
97463,2010
80103,2010
102498,2010
103887,2010
97421,2010
79891,2010
111379,2010
80009,2010
9986,2010
80050,2010
97402,2010
112759,2010
9727,2010
9835,2010
79703,2010
50094,2010
50091,2010
67720,2010
79609,2010
79885,2010
79616,2010
79987,2010
79943,2010
80006,2010
112764,2010
80047,2010
79873,2010
116684,2010
80093,2010
79532,2010
79516,2010
106072,2010
97334,2010
102482,2010
102472,2010
79795,2010
106050,2010
106046,2010
111417,2010
111396,2010
111425,2010
112840,2010
112811,2010
112800,2010
112763,2010
112744,2010
117470,2010
118394,2010
79950,2010
111419,2010
118380,2010
118483,2010
106025,2010
73965,2010
79514,2010
52800,2010
97381,2010
9955,2010
80010,2010
111407,2010
80053,2010
61757,2010
97317,2010
106084,2010
107803,2010
116685,2010
80020,2010
80035,2010
87459,2010
118425,2010
118443,2010
97427,2010
97340,2010
112853,2010
85963,2010
97439,2010
58257,2010
97342,2010
105369,2010
102494,2010
118427,2010
103867,2010
112797,2010
1304,2010
9956,2010
102489,2010
49882,2010
88976,2010
118492,2010
35191,2010
106076,2010
106038,2010
88973,2010
97476,2010
88892,2010
100198,2010
116675,2010
117445,2010
79562,2010
112835,2010
79828,2010
112830,2010
79954,2010
112774,2010
79572,2010
97321,2010
97461,2010
102485,2010
73427,2010
79625,2010
73265,2010
49954,2010
79750,2010
107844,2010
97376,2010
116683,2010
59703,2010
97424,2010
79774,2010
100213,2010
106036,2010
22781,2010
97372,2010
97382,2010
97465,2010
97462,2010
118407,2010
111430,2010
97401,2010
79929,2010
118438,2010
102483,2010
97459,2010
97408,2010
116689,2010
106048,2010
112854,2010
97345,2010
80005,2010
50096,2010
80099,2010
79978,2010
106042,2010
106098,2010
97398,2010
52770,2010
116667,2010
97349,2010
97341,2010
112794,2010
112792,2010
106055,2010
102477,2010
80007,2010
112812,2010
79809,2010
106052,2010
58338,2010
49988,2010
97460,2010
112745,2010
9864,2010
106033,2010
112818,2010
97318,2010
79701,2010
97377,2010
118460,2010
50098,2010
116682,2010
97333,2010
112775,2010
79623,2010
106039,2010
112828,2010
112802,2010
79802,2010
97353,2010
97482,2010
102481,2010
35201,2010
15528,2010
97414,2010
100155,2010
97442,2010
88910,2010
95716,2010
118445,2010
106056,2010
117465,2010
116686,2010
112793,2010
1364,2010
1365,2010
1402,2010
1407,2010
1447,2010
1559,2010
1665,2010
1693,2010
15603,2010
22553,2010
22773,2010
22900,2010
22902,2010
22905,2010
22958,2010
23005,2010
23050,2010
23058,2010
23065,2010
23083,2010
23096,2010
23106,2010
23121,2010
23143,2010
35195,2010
35283,2010
46015,2010
49881,2010
49888,2010
49898,2010
49953,2010
49955,2010
49963,2010
49964,2010
49971,2010
49979,2010
49992,2010
49993,2010
49999,2010
50010,2010
50022,2010
50046,2010
50060,2010
50067,2010
50072,2010
50102,2010
52576,2010
58100,2010
58113,2010
58210,2010
58346,2010
59573,2010
59628,2010
67684,2010
67699,2010
72817,2010
72962,2010
73048,2010
73050,2010
73089,2010
73165,2010
73322,2010
73340,2010
73485,2010
73510,2010
73525,2010
73608,2010
73948,2010
73975,2010
79504,2010
79508,2010
79525,2010
79527,2010
79530,2010
79531,2010
79539,2010
79542,2010
79548,2010
79549,2010
79552,2010
79553,2010
79555,2010
79556,2010
79558,2010
79561,2010
79563,2010
79566,2010
79574,2010
79575,2010
79587,2010
79588,2010
79590,2010
79593,2010
79599,2010
79608,2010
79610,2010
79613,2010
79626,2010
79627,2010
79630,2010
79640,2010
79645,2010
79650,2010
79656,2010
79659,2010
79662,2010
79671,2010
79674,2010
79677,2010
79678,2010
79685,2010
79693,2010
79694,2010
79697,2010
79699,2010
79705,2010
79708,2010
79722,2010
79724,2010
79729,2010
79731,2010
79734,2010
79741,2010
79743,2010
79744,2010
79745,2010
79753,2010
79760,2010
79766,2010
79778,2010
79779,2010
79812,2010
79814,2010
79815,2010
79816,2010
79817,2010
79824,2010
79825,2010
79826,2010
79834,2010
79842,2010
79847,2010
79860,2010
79864,2010
79887,2010
79892,2010
79903,2010
79908,2010
79911,2010
79914,2010
79918,2010
79920,2010
79935,2010
79941,2010
79949,2010
79959,2010
79961,2010
79962,2010
79966,2010
79968,2010
79975,2010
79981,2010
79983,2010
79988,2010
79990,2010
79991,2010
79994,2010
79996,2010
80013,2010
80015,2010
80016,2010
80022,2010
80030,2010
80033,2010
80034,2010
80037,2010
80044,2010
80062,2010
80073,2010
80085,2010
80090,2010
80094,2010
80095,2010
80098,2010
80100,2010
9953,2010
9963,2010
9965,2010
9983,2010
86183,2010
87460,2010
88862,2010
88896,2010
88901,2010
88948,2010
88975,2010
89005,2010
95702,2010
95785,2010
97319,2010
97325,2010
97331,2010
97344,2010
97346,2010
97350,2010
97356,2010
97360,2010
97385,2010
97392,2010
97395,2010
97407,2010
97410,2010
97417,2010
97429,2010
97435,2010
97437,2010
97440,2010
97443,2010
97464,2010
97470,2010
97486,2010
97490,2010
100179,2010
100199,2010
102469,2010
102471,2010
102476,2010
102495,2010
102496,2010
102499,2010
103862,2010
103864,2010
103865,2010
105212,2010
106021,2010
106031,2010
106037,2010
106054,2010
106060,2010
106064,2010
106067,2010
106068,2010
106069,2010
106070,2010
106071,2010
106073,2010
106074,2010
106079,2010
106080,2010
106086,2010
106087,2010
106088,2010
106091,2010
106101,2010
107799,2010
107825,2010
109460,2010
111406,2010
111420,2010
112752,2010
112758,2010
112772,2010
112778,2010
112781,2010
112784,2010
112787,2010
112803,2010
112807,2010
112808,2010
112814,2010
112819,2010
112821,2010
112824,2010
112836,2010
112845,2010
112848,2010
112850,2010
116659,2010
116677,2010
116681,2010
116692,2010
117440,2010
117444,2010
117446,2010
117447,2010
117453,2010
118383,2010
118389,2010
118404,2010
118405,2010
118410,2010
118413,2010
118424,2010
118428,2010
118431,2010
118432,2010
118434,2010
118435,2010
118448,2010
118449,2010
118450,2010
118458,2010
118479,2010
118484,2010
58335,2010
112826,2010
86180,2010
23129,2010
22782,2010
58415,2010
88841,2010
73833,2010
118457,2010
15634,2010
73086,2010
112768,2010
22598,2010
9917,2010
9827,2010
80081,2010
97485,2010
97447,2010
55904,2010
22964,2010
73926,2010
52774,2010
72958,2010
73434,2010
79714,2010
80060,2010
49891,2010
61264,2010
97320,2010
52486,2010
49920,2010
59614,2010
100150,2010
50033,2010
73447,2010
15576,2010
15664,2010
58344,2010
23068,2010
23135,2010
1345,2010
23110,2010
85900,2010
58438,2010
23145,2010
72869,2010
22779,2010
118396,2010
1675,2010
95737,2010
105228,2010
22814,2010
73609,2010
22750,2010
49923,2010
100147,2010
73353,2010
15540,2010
86168,2010
73381,2010
1650,2010
117463,2010
59672,2010
58132,2010
15654,2010
79578,2010
86178,2010
15641,2010
52549,2010
46080,2010
52518,2010
73663,2010
59630,2010
66340,2010
23128,2010
52557,2010
35222,2010
52503,2010
35166,2010
22593,2010
15332,2010
88977,2010
22609,2010
59700,2010
85997,2010
86066,2010
61262,2010
1565,2010
22887,2010
105216,2010
52514,2010
72882,2010
44379,2010
52610,2010
59702,2010
9936,2010
22583,2010
86095,2010
9938,2010
105234,2010
35262,2010
1488,2010
116680,2010
59609,2010
22810,2010
73705,2010
22854,2010
22923,2010
73055,2010
58331,2010
80031,2010
106041,2010
59693,2010
10002,2010
22803,2010
52692,2010
35320,2010
107800,2010
89007,2010
89013,2010
89015,2010
50018,2010
15548,2010
58962,2010
100231,2010
72939,2010
73151,2010
88840,2010
73918,2010
67749,2010
15638,2010
73003,2010
85986,2010
87468,2010
100218,2010
73757,2010
49919,2010
87525,2010
9850,2010
73647,2010
22890,2010
22690,2010
1456,2010
67712,2010
73102,2010
46109,2010
9939,2010
1340,2010
52584,2010
55884,2010
58954,2010
67791,2010
73883,2010
73904,2010
79783,2010
9856,2010
86019,2010
86068,2010
86077,2010
95722,2010
73132,2010
86016,2010
9809,2010
22807,2010
67719,2010
15383,2010
58206,2010
112760,2010
50031,2010
67746,2010
67780,2010
73878,2010
66619,2010
46103,2010
97347,2010
59636,2010
52748,2010
52673,2010
52631,2010
58369,2010
67765,2010
67790,2010
67794,2010
73143,2010
73773,2010
73784,2010
88860,2010
97484,2010
97368,2010
58149,2010
52582,2010
52633,2010
85961,2010
86045,2010
67747,2010
79524,2010
80072,2010
73699,2010
52497,2010
116666,2010
85926,2010
58423,2010
87474,2010
49900,2010
50065,2010
1577,2010
73442,2010
52531,2010
50032,2010
86111,2010
15615,2010
15637,2010
94397,2010
105223,2010
100233,2010
22537,2010
87471,2010
86133,2010
86069,2010
100166,2010
73495,2010
73022,2010
58195,2010
97492,2010
22819,2010
9777,2010
88867,2010
109693,2010
23064,2010
73548,2010
15503,2010
22866,2010
58955,2010
9911,2010
46049,2010
67754,2010
52691,2010
58932,2010
52712,2010
9851,2010
1361,2010
15555,2010
58944,2010
66616,2010
67745,2010
67757,2010
73380,2010
87475,2010
1458,2010
59669,2010
22875,2010
73714,2010
73316,2010
86065,2010
9923,2010
22904,2010
118453,2010
79794,2010
52663,2010
46085,2010
66656,2010
73764,2010
79647,2010
87520,2010
112773,2010
72880,2010
23131,2010
61268,2010
58275,2010
35322,2010
22712,2010
59696,2010
72952,2010
85898,2010
58300,2010
59617,2010
58093,2010
91967,2010
61265,2010
73929,2010
44400,2010
22587,2010
50001,2010
15647,2010
22947,2010
23118,2010
22739,2010
58966,2010
73656,2010
73654,2010
23055,2010
23042,2010
72859,2010
73036,2010
73134,2010
23074,2010
23139,2010
58992,2010
22843,2010
52769,2010
52719,2010
23009,2010
58996,2010
72894,2010
72899,2010
73255,2010
85923,2010
23060,2010
22578,2010
73208,2010
73210,2010
73420,2010
73793,2010
58987,2010
100194,2010
100195,2010
100196,2010
1445,2010
50111,2010
1587,2010
86130,2010
22635,2010
44406,2010
73671,2010
9754,2010
22881,2010
52579,2010
61882,2010
73066,2010
95767,2010
1689,2010
86107,2010
23152,2010
50038,2010
85962,2010
23104,2010
72964,2010
80058,2010
58993,2010
15586,2010
58360,2010
15429,2010
109691,2010
61908,2010
52833,2010
52834,2010
86005,2010
86018,2010
73056,2010
73412,2010
49958,2010
15446,2010
9900,2010
1589,2010
105187,2010
61843,2010
35326,2010
66345,2010
35252,2010
73027,2010
35219,2010
79803,2010
79581,2010
80043,2010
15604,2010
73005,2010
73004,2010
94430,2010
85924,2010
35254,2010
44415,2010
49880,2010
112825,2010
59626,2010
49927,2010
79718,2010
97396,2010
118408,2010
103888,2010
95742,2010
107814,2010
73871,2010
61920,2010
89017,2010
111418,2010
79775,2010
79982,2010
61924,2010
73038,2010
73813,2010
73827,2010
80063,2010
89012,2010
95705,2010
79829,2010
1435,2010
61862,2010
95748,2010
73367,2010
79838,2010
52630,2010
61792,2010
61877,2010
67806,2010
79725,2010
79827,2010
79931,2010
89016,2010
107841,2010
117442,2010
49978,2010
61847,2010
89020,2010
15588,2010
94410,2010
58377,2010
116668,2010
79634,2010
80087,2010
52865,2010
79604,2010
79762,2010
97335,2010
73913,2010
105377,2010
95797,2010
79955,2010
73368,2010
61828,2010
72848,2010
15522,2010
1576,2010
88814,2010
9968,2010
35184,2010
15538,2010
52657,2010
9928,2010
85887,2010
23088,2010
58420,2010
58138,2010
88929,2010
73622,2010
91972,2010
88859,2010
52826,2010
9762,2010
22604,2010
52580,2010
73789,2010
1334,2010
109444,2010
22998,2010
1474,2010
91980,2010
23098,2010
1305,2010
73237,2010
1683,2010
23016,2010
15367,2010
59627,2010
23039,2010
59683,2010
9841,2010
59680,2010
58933,2010
46043,2010
73469,2010
73845,2010
22754,2010
22745,2010
22621,2010
22820,2010
9750,2010
22837,2010
50110,2010
79710,2010
35316,2010
73277,2010
86076,2010
1575,2010
22665,2010
52689,2010
9927,2010
59644,2010
73085,2010
88821,2010
73256,2010
88797,2010
9724,2010
1555,2010
112855,2010
22775,2010
109452,2010
1318,2010
22615,2010
1486,2010
1532,2010
1582,2010
22752,2010
22985,2010
35181,2010
35313,2010
46016,2010
52699,2010
55887,2010
58211,2010
73276,2010
73588,2010
86023,2010
105183,2010
85896,2010
73486,2010
111413,2010
15315,2010
59668,2010
15509,2010
59695,2010
9736,2010
59656,2010
97316,2010
73520,2010
1449,2010
87495,2010
46059,2010
22551,2010
52790,2010
22627,2010
52753,2010
9812,2010
44405,2010
35303,2010
50004,2010
1590,2010
1540,2010
9975,2010
88875,2010
9896,2010
58266,2010
22848,2010
15457,2010
52773,2010
87483,2010
88962,2010
105219,2010
35169,2010
59631,2010
59688,2010
59604,2010
97456,2010
58974,2010
61253,2010
100173,2010
15397,2010
9930,2010
58221,2010
23089,2010
1542,2010
22560,2010
49922,2010
49985,2010
50115,2010
58355,2010
73017,2010
79880,2010
9916,2010
85925,2010
94395,2010
100240,2010
59624,2010
9765,2010
59664,2010
22539,2010
35203,2010
100191,2010
52716,2010
1294,2010
59581,2010
58212,2010
59615,2010
9949,2010
9964,2010
105185,2010
107810,2010
1381,2010
9977,2010
9836,2010
107794,2010
1312,2010
79910,2010
88830,2010
100172,2010
73410,2010
105238,2010
35318,2010
44385,2010
35319,2010
10003,2010
58950,2010
100227,2010
15381,2010
22631,2010
44375,2010
46053,2010
79797,2010
105347,2010
59667,2010
58995,2010
9962,2010
1645,2010
105202,2010
52573,2010
15500,2010
58116,2010
1642,2010
85921,2010
100232,2010
58155,2010
61260,2010
112851,2010
73949,2010
79789,2010
72852,2010
58315,2010
86053,2010
86040,2010
15398,2010
58398,2010
88873,2010
15453,2010
22707,2010
85965,2010
72969,2010
1468,2010
86054,2010
87527,2010
87479,2010
1338,2010
1464,2010
73688,2010
73702,2010
73309,2010
58409,2010
72844,2010
73644,2010
66627,2010
58427,2010
95710,2010
73572,2010
102470,2010
73893,2010
79799,2010
73763,2010
79696,2010
22840,2010
1510,2010
1503,2010
61255,2010
73011,2010
87477,2010
94390,2010
58222,2010
1485,2010
22916,2010
61782,2010
58404,2010
87476,2010
58125,2010
15432,2010
15336,2010
58218,2010
73690,2010
73079,2010
72900,2010
22910,2010
58209,2010
1443,2010
88909,2010
1512,2010
1570,2010
15430,2010
15442,2010
23071,2010
46088,2010
58191,2010
66623,2010
66633,2010
72986,2010
72993,2010
73358,2010
73454,2010
73545,2010
73786,2010
73897,2010
73931,2010
86140,2010
86144,2010
86150,2010
94414,2010
94416,2010
52866,2010
73075,2010
35180,2010
116670,2010
58172,2010
73306,2010
79861,2010
1354,2010
100174,2010
1357,2010
15635,2010
58313,2010
52553,2010
95741,2010
22806,2010
58216,2010
58284,2010
1493,2010
1492,2010
22784,2010
1337,2010
73624,2010
9985,2010
52793,2010
107820,2010
15537,2010
15480,2010
52525,2010
73088,2010
66625,2010
72822,2010
46050,2010
58379,2010
15452,2010
22638,2010
46095,2010
73571,2010
52799,2010
94429,2010
1325,2010
1481,2010
22594,2010
52807,2010
52820,2010
52825,2010
55894,2010
58105,2010
58146,2010
58174,2010
58217,2010
58286,2010
58361,2010
58407,2010
66657,2010
67710,2010
67756,2010
67807,2010
72849,2010
72933,2010
72963,2010
72999,2010
73021,2010
73167,2010
73168,2010
73216,2010
73304,2010
73324,2010
73388,2010
73414,2010
73521,2010
73540,2010
73551,2010
73738,2010
73841,2010
73860,2010
79655,2010
9922,2010
85949,2010
85971,2010
85981,2010
85987,2010
85998,2010
86009,2010
95824,2010
52677,2010
73713,2010
58327,2010
72818,2010
58350,2010
73592,2010
15488,2010
58340,2010
72815,2010
86089,2010
22941,2010
1341,2010
44449,2010
58298,2010
9931,2010
1619,2010
58341,2010
52502,2010
58128,2010
85929,2010
85984,2010
73182,2010
73523,2010
1472,2010
58304,2010
22922,2010
105367,2010
15499,2010
23116,2010
22556,2010
58418,2010
1477,2010
61248,2010
72978,2010
10005,2010
73697,2010
35172,2010
35308,2010
15577,2010
1478,2010
116663,2010
9854,2010
102490,2010
15323,2010
73568,2010
97403,2010
15434,2010
58142,2010
52656,2010
61845,2010
52655,2010
79586,2010
118401,2010
73840,2010
58328,2010
58144,2010
73104,2010
46105,2010
46086,2010
35304,2010
15462,2010
1356,2010
1457,2010
1467,2010
1471,2010
1504,2010
1543,2010
15307,2010
15358,2010
15395,2010
15662,2010
15669,2010
22722,2010
23117,2010
44442,2010
46048,2010
46070,2010
52620,2010
52740,2010
58223,2010
58282,2010
58303,2010
58402,2010
58403,2010
58405,2010
59606,2010
66663,2010
67808,2010
72829,2010
72921,2010
72925,2010
72931,2010
72945,2010
72985,2010
73023,2010
73051,2010
73100,2010
73111,2010
73150,2010
73178,2010
73185,2010
73193,2010
73214,2010
73226,2010
73240,2010
73287,2010
73346,2010
73499,2010
73522,2010
73619,2010
73643,2010
73739,2010
73770,2010
80024,2010
85916,2010
85938,2010
85945,2010
85948,2010
86012,2010
86015,2010
87518,2010
88895,2010
97354,2010
100205,2010
106024,2010
117443,2010
118403,2010
94426,2010
15352,2010
72819,2010
73235,2010
73443,2010
73765,2010
86119,2010
1441,2010
22683,2010
102488,2010
58129,2010
22732,2010
46006,2010
22692,2010
58180,2010
67704,2010
112857,2010
22630,2010
52482,2010
22620,2010
22795,2010
22856,2010
85970,2010
22524,2010
1511,2010
87464,2010
22766,2010
61769,2010
116674,2010
72966,2010
73101,2010
73708,2010
85960,2010
86017,2010
86091,2010
86115,2010
106096,2010
67726,2010
67706,2010
72994,2010
1303,2010
22696,2010
44450,2010
22822,2010
9933,2010
1571,2010
58160,2010
58311,2010
58312,2010
59605,2010
1505,2010
58157,2010
59574,2010
97467,2010
100185,2010
73536,2010
107845,2010
73742,2010
100200,2010
73718,2010
9786,2010
73603,2010
79922,2010
58326,2010
80076,2010
55881,2010
105217,2010
58396,2010
15406,2010
67748,2010
58115,2010
86029,2010
73721,2010
73455,2010
58309,2010
86170,2010
52780,2010
85972,2010
22909,2010
73010,2010
73196,2010
73578,2010
73621,2010
86083,2010
22682,2010
86013,2010
86044,2010
22669,2010
73683,2010
35257,2010
85914,2010
109461,2010
22924,2010
95749,2010
46058,2010
100237,2010
22611,2010
52532,2010
58139,2010
59659,2010
58123,2010
15376,2010
22677,2010
22804,2010
23036,2010
86006,2010
85992,2010
58111,2010
73535,2010
85905,2010
85939,2010
100223,2010
88822,2010
88826,2010
15337,2010
15481,2010
50007,2010
72878,2010
79670,2010
118376,2010
73264,2010
86160,2010
44434,2010
1491,2010
10014,2010
73627,2010
85995,2010
94412,2010
85927,2010
73073,2010
73173,2010
58214,2010
15401,2010
109449,2010
35311,2010
22575,2010
22542,2010
9735,2010
58186,2010
97324,2010
9837,2010
73767,2010
9935,2010
73976,2010
85940,2010
52713,2010
112804,2010
10013,2010
44398,2010
116691,2010
52565,2010
35228,2010
22793,2010
58226,2010
72919,2010
85977,2010
116678,2010
35214,2010
9909,2010
116671,2010
59673,2010
1470,2010
73093,2010
52858,2010
22862,2010
22979,2010
52560,2010
52789,2010
52521,2010
52711,2010
22649,2010
107812,2010
22816,2010
67701,2010
58288,2010
97370,2010
107828,2010
107837,2010
52578,2010
35209,2010
73228,2010
97481,2010
102492,2010
22755,2010
85980,2010
22650,2010
72907,2010
95768,2010
73649,2010
15325,2010
67815,2010
73016,2010
79510,2010
58127,2010
15431,2010
22835,2010
67809,2010
58120,2010
22762,2010
15578,2010
73440,2010
1479,2010
15478,2010
112786,2010
9787,2010
52795,2010
45999,2010
44394,2010
9784,2010
52767,2010
1433,2010
1544,2010
1545,2010
15491,2010
22584,2010
23073,2010
44395,2010
52718,2010
52746,2010
52842,2010
58103,2010
58152,2010
58173,2010
58371,2010
58372,2010
59607,2010
59635,2010
73028,2010
73177,2010
73239,2010
73253,2010
73422,2010
73517,2010
73528,2010
73590,2010
73601,2010
73650,2010
73669,2010
73674,2010
79520,2010
79624,2010
79886,2010
79937,2010
9925,2010
85910,2010
85936,2010
85964,2010
85989,2010
86067,2010
86088,2010
87472,2010
88803,2010
95820,2010
97352,2010
97488,2010
97489,2010
22777,2010
52619,2010
73001,2010
46044,2010
116661,2010
1315,2010
15517,2010
22623,2010
22780,2010
58148,2010
58291,2010
58352,2010
67722,2010
73070,2010
73169,2010
73199,2010
73202,2010
73467,2010
73747,2010
87516,2010
112796,2010
1442,2010
35239,2010
52498,2010
73723,2010
58433,2010
59671,2010
1508,2010
118429,2010
116687,2010
85996,2010
35312,2010
79675,2010
116657,2010
100206,2010
118481,2010
79523,2010
117439,2010
118385,2010
80077,2010
15444,2010
112813,2010
1351,2010
1359,2010
15388,2010
58302,2010
66645,2010
72877,2010
72954,2010
72961,2010
73183,2010
73201,2010
79637,2010
79876,2010
9952,2010
95707,2010
97337,2010
107842,2010
111431,2010
118386,2010
118455,2010
22622,2010
46000,2010
67804,2010
46040,2010
73444,2010
80078,2010
79810,2010
35325,2010
116660,2010
58406,2010
52762,2010
52490,2010
52647,2010
97480,2010
112777,2010
52496,2010
15389,2010
22679,2010
67709,2010
73519,2010
97389,2010
116679,2010
112751,2010
22723,2010
58432,2010
112832,2010
97487,2010
58325,2010
112844,2010
58156,2010
73506,2010
79601,2010
79985,2010
80105,2010
86002,2010
88863,2010
52499,2010
9802,2010
52509,2010
86033,2010
88951,2010
95766,2010
107795,2010
22734,2010
15326,2010
23026,2010
58252,2010
58322,2010
61966,2010
22919,2010
73331,2010
86149,2010
58400,2010
79846,2010
46110,2010
88885,2010
52540,2010
100236,2010
79749,2010
80086,2010
95760,2010
22695,2010
15493,2010
58301,2010
9785,2010
52681,2010
86147,2010
22906,2010
89009,2010
23019,2010
15666,2010
73135,2010
61812,2010
79902,2010
97361,2010
80067,2010
95803,2010
118430,2010
118419,2010
73660,2010
61754,2010
1687,2010
73562,2010
100149,2010
52855,2010
52535,2010
72991,2010
97343,2010
52562,2010
85932,2010
86035,2010
22787,2010
86059,2010
1328,2010
44439,2010
72990,2010
85888,2010
52596,2010
66343,2010
86159,2010
66330,2010
73207,2010
73298,2010
22934,2010
50079,2010
52805,2010
22668,2010
52822,2010
52868,2010
52700,2010
73524,2010
73787,2010
94432,2010
15498,2010
58112,2010
95726,2010
97422,2010
9829,2010
61960,2010
85928,2010
72934,2010
22624,2010
86102,2010
15607,2010
73730,2010
73033,2010
22572,2010
22724,2010
23077,2010
9970,2010
58972,2010
59678,2010
73912,2010
50002,2010
85985,2010
15672,2010
52736,2010
15473,2010
15671,2010
61759,2010
72973,2010
72976,2010
73110,2010
72868,2010
15599,2010
72872,2010
49878,2010
61801,2010
44392,2010
59686,2010
91982,2010
73053,2010
15556,2010
112846,2010
61798,2010
35224,2010
44436,2010
61827,2010
73113,2010
85990,2010
44412,2010
59637,2010
72879,2010
72888,2010
118397,2010
15518,2010
73956,2010
61903,2010
52738,2010
22770,2010
22783,2010
22637,2010
49894,2010
100211,2010
73217,2010
1320,2010
73791,2010
9974,2010
109703,2010
22769,2010
105200,2010
73068,2010
61776,2010
61786,2010
50118,2010
95812,2010
100178,2010
73809,2010
35284,2010
1518,2010
97315,2010
95714,2010
9994,2010
10015,2010
23099,2010
10001,2010
72891,2010
61859,2010
95819,2010
107796,2010
23080,2010
22861,2010
52698,2010
52850,2010
55912,2010
73844,2010
73805,2010
105371,2010
91979,2010
73850,2010
86099,2010
49943,2010
1313,2010
35302,2010
49924,2010
35300,2010
50011,2010
55907,2010
22908,2010
73445,2010
35204,2010
58977,2010
73032,2010
73628,2010
52527,2010
55898,2010
22772,2010
22894,2010
23044,2010
46111,2010
49913,2010
50037,2010
52830,2010
72861,2010
73142,2010
73244,2010
73289,2010
73326,2010
73582,2010
73589,2010
73595,2010
86051,2010
95732,2010
95754,2010
103883,2010
49884,2010
73494,2010
73062,2010
15698,2010
95733,2010
58931,2010
58934,2010
49951,2010
95734,2010
86116,2010
100197,2010
95764,2010
95727,2010
52561,2010
1460,2010
35299,2010
22550,2010
109446,2010
50000,2010
67769,2010
95794,2010
106097,2010
35266,2010
52765,2010
49952,2010
22874,2010
15668,2010
95763,2010
1691,2010
22689,2010
23127,2010
35205,2010
35233,2010
44372,2010
49981,2010
52645,2010
72867,2010
72935,2010
73046,2010
73120,2010
73275,2010
73291,2010
73509,2010
73598,2010
9805,2010
85969,2010
86179,2010
95755,2010
95810,2010
95818,2010
97472,2010
100192,2010
73717,2010
100176,2010
106058,2010
46094,2010
59648,2010
79571,2010
100184,2010
109454,2010
52853,2010
58939,2010
73652,2010
59685,2010
9910,2010
59704,2010
105375,2010
49908,2010
58276,2010
73570,2010
9920,2010
105370,2010
50055,2010
95736,2010
73693,2010
52641,2010
66331,2010
72979,2010
52829,2010
58947,2010
97326,2010
59634,2010
58979,2010
35232,2010
58268,2010
58428,2010
59594,2010
1581,2010
22930,2010
22826,2010
86060,2010
1641,2010
58976,2010
97457,2010
9789,2010
22748,2010
59621,2010
52519,2010
73553,2010
49995,2010
73295,2010
46081,2010
49997,2010
22940,2010
35190,2010
49962,2010
50026,2010
52501,2010
55878,2010
58388,2010
59577,2010
66344,2010
67784,2010
72832,2010
73063,2010
73350,2010
73376,2010
73437,2010
73811,2010
73911,2010
85909,2010
87461,2010
95719,2010
95756,2010
95805,2010
95817,2010
97387,2010
103878,2010
105236,2010
52654,2010
22666,2010
59647,2010
35164,2010
50016,2010
73799,2010
22673,2010
59590,2010
35230,2010
73704,2010
49945,2010
58181,2010
103879,2010
85890,2010
35237,2010
22565,2010
1455,2010
49983,2010
49994,2010
50050,2010
58164,2010
58356,2010
58991,2010
79661,2010
95791,2010
105199,2010
22651,2010
22791,2010
22661,2010
15675,2010
52585,2010
58258,2010
112788,2010
23095,2010
55895,2010
66338,2010
80040,2010
15418,2010
72960,2010
22884,2010
58287,2010
22830,2010
52813,2010
58167,2010
86034,2010
50062,2010
73019,2010
52634,2010
58970,2010
1397,2010
66348,2010
52714,2010
9942,2010
73267,2010
73039,2010
44447,2010
85968,2010
91975,2010
72865,2010
73162,2010
73607,2010
100168,2010
105362,2010
9966,2010
9815,2010
52817,2010
22852,2010
59649,2010
1593,2010
61783,2010
1651,2010
35189,2010
23134,2010
73136,2010
73828,2010
73977,2010
86132,2010
73391,2010
85950,2010
15689,2010
22878,2010
22600,2010
52615,2010
66644,2010
61893,2010
50112,2010
52869,2010
52694,2010
22838,2010
15424,2010
58936,2010
50104,2010
73243,2010
15413,2010
107809,2010
52543,2010
1664,2010
15568,2010
15596,2010
22968,2010
49916,2010
52835,2010
52863,2010
52864,2010
52871,2010
58988,2010
61844,2010
61858,2010
61864,2010
73694,2010
9872,2010
9875,2010
86169,2010
88799,2010
95721,2010
1604,2010
73141,2010
52693,2010
23146,2010
9801,2010
9859,2010
58347,2010
58383,2010
73701,2010
61800,2010
86062,2010
1343,2010
105196,2010
15419,2010
91986,2010
67688,2010
86038,2010
86004,2010
22877,2010
22966,2010
15321,2010
61258,2010
15423,2010
15328,2010
105190,2010
52776,2010
52533,2010
15454,2010
22554,2010
1459,2010
88818,2010
15461,2010
97432,2010
10007,2010
52726,2010
22663,2010
23105,2010
52715,2010
15622,2010
58292,2010
58192,2010
80084,2010
15412,2010
79998,2010
15640,2010
52728,2010
58965,2010
46116,2010
1326,2010
105186,2010
22882,2010
22828,2010
10010,2010
58942,2010
79651,2010
15317,2010
15374,2010
15581,2010
23102,2010
49989,2010
50024,2010
50025,2010
52695,2010
52743,2010
58098,2010
58099,2010
58983,2010
61853,2010
61861,2010
61880,2010
61912,2010
73119,2010
73200,2010
73238,2010
73378,2010
73441,2010
73962,2010
79669,2010
85891,2010
85931,2010
85973,2010
97475,2010
58390,2010
22540,2010
52500,2010
55905,2010
52686,2010
55911,2010
73155,2010
106045,2010
103881,2010
35225,2010
52860,2010
15646,2010
73247,2010
55908,2010
58314,2010
105189,2010
15368,2010
15585,2010
59674,2010
73031,2010
100167,2010
97375,2010
86167,2010
22876,2010
91973,2010
86164,2010
1330,2010
109448,2010
85889,2010
35247,2010
35248,2010
100229,2010
58262,2010
52859,2010
22915,2010
22853,2010
22648,2010
52626,2010
9725,2010
9921,2010
9839,2010
1462,2010
59625,2010
22701,2010
105230,2010
59638,2010
9982,2010
85955,2010
9972,2010
22711,2010
9981,2010
1553,2010
58097,2010
9795,2010
52730,2010
61947,2010
73664,2010
58255,2010
44440,2010
49935,2010
52685,2010
15670,2010
112746,2010
94386,2010
23015,2010
73106,2010
22574,2010
35183,2010
58362,2010
88958,2010
58175,2010
52862,2010
15511,2010
35256,2010
106044,2010
79517,2010
45997,2010
15465,2010
79519,2010
15566,2010
15324,2010
88986,2010
15433,2010
15479,2010
15545,2010
15549,2010
15629,2010
15680,2010
23023,2010
23153,2010
44404,2010
44448,2010
46107,2010
52847,2010
58202,2010
58332,2010
58384,2010
58399,2010
59578,2010
59642,2010
59689,2010
61865,2010
73024,2010
73197,2010
73498,2010
73530,2010
73819,2010
73832,2010
73951,2010
73978,2010
79716,2010
85954,2010
86070,2010
86098,2010
88967,2010
94392,2010
117466,2010
61836,2010
58189,2010
22914,2010
52668,2010
1564,2010
15591,2010
55913,2010
58274,2010
73596,2010
73858,2010
88809,2010
88833,2010
35185,2010
79547,2010
49996,2010
50005,2010
9820,2010
79617,2010
15309,2010
58997,2010
52737,2010
15612,2010
15636,2010
22522,2010
35297,2010
58119,2010
58386,2010
73272,2010
73354,2010
79636,2010
79919,2010
80042,2010
9819,2010
88908,2010
97328,2010
97393,2010
103872,2010
23162,2010
58153,2010
58305,2010
61958,2010
73176,2010
58998,2010
52648,2010
59592,2010
15552,2010
1563,2010
58283,2010
88952,2010
97369,2010
79619,2010
50089,2010
86143,2010
105349,2010
52594,2010
9831,2010
35170,2010
85953,2010
52507,2010
58422,2010
58277,2010
22747,2010
22568,2010
9780,2010
58150,2010
59658,2010
100225,2010
95774,2010
52870,2010
111387,2010
73395,2010
61821,2010
95724,2010
61820,2010
61824,2010
61959,2010
52836,2010
61814,2010
88829,2010
52558,2010
61765,2010
61923,2010
73576,2010
73825,2010
79957,2010
85904,2010
95723,2010
61952,2010
1515,2010
79780,2010
86100,2010
59591,2010
72977,2010
35176,2010
1556,2010
100228,2010
61819,2010
61838,2010
61913,2010
73435,2010
73758,2010
95798,2010
86032,2010
49984,2010
72950,2010
118477,2010
73682,2010
61250,2010
66664,2010
59589,2010
35200,2010
85975,2010
94423,2010
86120,2010
118442,2010
15681,2010
58117,2010
15697,2010
73115,2010
72981,2010
94420,2010
49929,2010
73181,2010
15606,2010
1557,2010
52843,2010
52763,2010
86080,2010
23078,2010
73394,2010
66329,2010
73314,2010
88932,2010
15482,2010
45994,2010
15592,2010
15611,2010
73546,2010
58337,2010
35186,2010
52873,2010
73266,2010
73567,2010
73584,2010
73792,2010
73869,2010
73960,2010
85911,2010
55882,2010
100182,2010
73090,2010
73727,2010
58296,2010
15550,2010
15665,2010
23115,2010
15369,2010
9906,2010
58204,2010
73849,2010
58357,2010
88955,2010
73112,2010
73261,2010
22903,2010
15657,2010
86049,2010
58118,2010
46108,2010
9993,2010
105229,2010
15363,2010
44397,2010
46008,2010
73273,2010
15543,2010
112839,2010
44383,2010
15546,2010
67713,2010
85941,2010
105239,2010
22555,2010
73687,2010
9761,2010
97468,2010
118395,2010
58203,2010
46020,2010
15349,2010
50069,2010
58413,2010
73605,2010
73816,2010
52537,2010
73288,2010
95729,2010
61767,2010
67695,2010
72837,2010
73695,2010
79904,2010
73611,2010
49980,2010
58419,2010
73054,2010
118444,2010
107835,2010
112791,2010
15648,2010
109689,2010
55903,2010
66646,2010
50047,2010
95808,2010
59677,2010
15619,2010
49970,2010
15618,2010
55899,2010
73882,2010
109701,2010
50099,2010
15595,2010
22788,2010
35213,2010
66638,2010
15542,2010
55885,2010
55910,2010
95765,2010
95807,2010
94419,2010
46056,2010
58171,2010
61848,2010
15334,2010
72838,2010
22808,2010
1292,2010
52635,2010
1314,2010
100207,2010
100209,2010
105352,2010
105240,2010
9866,2010
15463,2010
100230,2010
22533,2010
22534,2010
52653,2010
1536,2010
58990,2010
9746,2010
1308,2010
66333,2010
105366,2010
94387,2010
58343,2010
22667,2010
15345,2010
46115,2010
52706,2010
100186,2010
1317,2010
1525,2010
1533,2010
15506,2010
15524,2010
44417,2010
52597,2010
52852,2010
58165,2010
85943,2010
86007,2010
86042,2010
105215,2010
94382,2010
97405,2010
97458,2010
35264,2010
35265,2010
1551,2010
1529,2010
1552,2010
35236,2010
100239,2010
59616,2010
22729,2010
105232,2010
15508,2010
1531,2010
10009,2010
35267,2010
15438,2010
23007,2010
23046,2010
52544,2010
52583,2010
88903,2010
100148,2010
58166,2010
94384,2010
15329,2010
46046,2010
46084,2010
58230,2010
58295,2010
97367,2010
59691,2010
97445,2010
9867,2010
22599,2010
22927,2010
111433,2010
15344,2010
15385,2010
52724,2010
58957,2010
61963,2010
58937,2010
1684,2010
15692,2010
15384,2010
15335,2010
58994,2010
50052,2010
1444,2010
73808,2010
117467,2010
49921,2010
73638,2010
73859,2010
22644,2010
55891,2010
61773,2010
73194,2010
52566,2010
61936,2010
88900,2010
73452,2010
15633,2010
86165,2010
15386,2010
1331,2010
1396,2010
15601,2010
22949,2010
23001,2010
49909,2010
52777,2010
72863,2010
73303,2010
73744,2010
73970,2010
73114,2010
73084,2010
15569,2010
88879,2010
1626,2010
15614,2010
23051,2010
23076,2010
72881,2010
73042,2010
73489,2010
73597,2010
73818,2010
73856,2010
73979,2010
73980,2010
52768,2010
52621,2010
73099,2010
86025,2010
86106,2010
87489,2010
46012,2010
35241,2010
58980,2010
66630,2010
117462,2010
73964,2010
73798,2010
73549,2010
61949,2010
15346,2010
61830,2010
15610,2010
15613,2010
15621,2010
22951,2010
50015,2010
50122,2010
61916,2010
61961,2010
73118,2010
73236,2010
73686,2010
73839,2010
73982,2010
88996,2010
105211,2010
73620,2010
49969,2010
79867,2010
73315,2010
86000,2010
73014,2010
73484,2010
49933,2010
58967,2010
49901,2010
72821,2010
61842,2010
52676,2010
9905,2010
72857,2010
22765,2010
52747,2010
100161,2010
58985,2010
1453,2010
97399,2010
58250,2010
88844,2010
15573,2010
22849,2010
105193,2010
35242,2010
58986,2010
97364,2010
52538,2010
117468,2010
107840,2010
22727,2010
46024,2010
1348,2010
15541,2010
15609,2010
23137,2010
23161,2010
52752,2010
58243,2010
58261,2010
117451,2010
23101,2010
9821,2010
66346,2010
1613,2010
86121,2010
9907,2010
79660,2010
58198,2010
67725,2010
73797,2010
73944,2010
97390,2010
49915,2010
15584,2010
73218,2010
23103,2010
79878,2010
112780,2010
73876,2010
52785,2010
22948,2010
109451,2010
22845,2010
1353,2010
58412,2010
58094,2010
58240,2010
61763,2010
67703,2010
49903,2010
72932,2010
86036,2010
66328,2010
49991,2010
91974,2010
91983,2010
91987,2010
1385,2010
59580,2010
105181,2010
73625,2010
59583,2010
1502,2010
9954,2010
73500,2010
86041,2010
91968,2010
35168,2010
44402,2010
91969,2010
91971,2010
91978,2010
85952,2010
86157,2010
23018,2010
86026,2010
86137,2010
86104,2010
1568,2010
22547,2010
23160,2010
58239,2010
73637,2010
88817,2010
85917,2010
79597,2010
58251,2010
67737,2010
73936,2010
15523,2010
86048,2010
15414,2010
49941,2010
58363,2010
61823,2010
67647,2010
67698,2010
67744,2010
67771,2010
67789,2010
9817,2010
85915,2010
86024,2010
87523,2010
73685,2010
9728,2010
22678,2010
67782,2010
58190,2010
85951,2010
46112,2010
61953,2010
66618,2010
67657,2010
79648,2010
85979,2010
22842,2010
85903,2010
73318,2010
67702,2010
15399,2010
22548,2010
22939,2010
23025,2010
52611,2010
58385,2010
61964,2010
61967,2010
67694,2010
67773,2010
67775,2010
67786,2010
67787,2010
72897,2010
72956,2010
72980,2010
72996,2010
73020,2010
73026,2010
73083,2010
73131,2010
73203,2010
73204,2010
73215,2010
73257,2010
73297,2010
73373,2010
73415,2010
73753,2010
79672,2010
79974,2010
85991,2010
86114,2010
86123,2010
86124,2010
86127,2010
86148,2010
87473,2010
95825,2010
15484,2010
58233,2010
73213,2010
85902,2010
1336,2010
15476,2010
86176,2010
73224,2010
85918,2010
73569,2010
22549,2010
23086,2010
61896,2010
67689,2010
46054,2010
73493,2010
86047,2010
67665,2010
73347,2010
58134,2010
61873,2010
67653,2010
67770,2010
86014,2010
79869,2010
87482,2010
15339,2010
73559,2010
61857,2010
79786,2010
15472,2010
80052,2010
61269,2010
15340,2010
15494,2010
15510,2010
22767,2010
52545,2010
52760,2010
52818,2010
52819,2010
58247,2010
58290,2010
61831,2010
61837,2010
61894,2010
61942,2010
61943,2010
61968,2010
66334,2010
67648,2010
67661,2010
67707,2010
67743,2010
67781,2010
67812,2010
72856,2010
72858,2010
72909,2010
73195,2010
73302,2010
73328,2010
73529,2010
73531,2010
73583,2010
73636,2010
73743,2010
73806,2010
73930,2010
73972,2010
79976,2010
85944,2010
85994,2010
86079,2010
86166,2010
86177,2010
87507,2010
95759,2010
97373,2010
58380,2010
73651,2010
73868,2010
86039,2010
86078,2010
86090,2010
86093,2010
86136,2010
86142,2010
15387,2010
80069,2010
15477,2010
15396,2010
73336,2010
73565,2010
80070,2010
86146,2010
58364,2010
15495,2010
15655,2010
23113,2010
86174,2010
22562,2010
15575,2010
67763,2010
9886,2010
23111,2010
73873,2010
73577,2010
73557,2010
52854,2010
15490,2010
73317,2010
52787,2010
85983,2010
22641,2010
15322,2010
79840,2010
100160,2010
79726,2010
73820,2010
67778,2010
67656,2010
67669,2010
79963,2010
44433,2010
86072,2010
58249,2010
79667,2010
1300,2010
1298,2010
23011,2010
23093,2010
67646,2010
67677,2010
67774,2010
67776,2010
72860,2010
73013,2010
73103,2010
73225,2010
73249,2010
73666,2010
73790,2010
73826,2010
79622,2010
86092,2010
86172,2010
87458,2010
87500,2010
100157,2010
118452,2010
1316,2010
73483,2010
58235,2010
73541,2010
22642,2010
52705,2010
9871,2010
22544,2010
23020,2010
61921,2010
73191,2010
73903,2010
86182,2010
94422,2010
79813,2010
58177,2010
79798,2010
79979,2010
49885,2010
59586,2010
59639,2010
67772,2010
73212,2010
73725,2010
73932,2010
85934,2010
100221,2010
105365,2010
109699,2010
86175,2010
73594,2010
46100,2010
49928,2010
52669,2010
73846,2010
58231,2010
118392,2010
73515,2010
52697,2010
52796,2010
1662,2010
44371,2010
52523,2010
58194,2010
100158,2010
91988,2010
46057,2010
58391,2010
87462,2010
107807,2010
107808,2010
107833,2010
73782,2010
22659,2010
52849,2010
85899,2010
73768,2010
107839,2010
22573,2010
22629,2010
86071,2010
22742,2010
86050,2010
87492,2010
87493,2010
15426,2010
86074,2010
52569,2010
22756,2010
1346,2010
67803,2010
72846,2010
73640,2010
73665,2010
73673,2010
73752,2010
86055,2010
86110,2010
15361,2010
112765,2010
52745,2010
67753,2010
52577,2010
67672,2010
52682,2010
58161,2010
67759,2010
72831,2010
72885,2010
73310,2010
73474,2010
73645,2010
85897,2010
85999,2010
86030,2010
87526,2010
117458,2010
9838,2010
59675,2010
87490,2010
87491,2010
15485,2010
73352,2010
9946,2010
73429,2010
52723,2010
22741,2010
22913,2010
22929,2010
73320,2010
73851,2010
67690,2010
58375,2010
86058,2010
112770,2010
73735,2010
87487,2010
22581,2010
72883,2010
22945,2010
44373,2010
73952,2010
58365,2010
95712,2010
67797,2010
107838,2010
87501,2010
15544,2010
73771,2010
73561,2010
73477,2010
79709,2010
116669,2010
67717,2010
73475,2010
105195,2010
61875,2010
61768,2010
67755,2010
15587,2010
15602,2010
72866,2010
73508,2010
73393,2010
103877,2010
117457,2010
58232,2010
109455,2010
67799,2010
97404,2010
91984,2010
15560,2010
58397,2010
1612,2010
67783,2010
73392,2010
73307,2010
89003,2010
22528,2010
52875,2010
52856,2010
73451,2010
79643,2010
15466,2010
1295,2010
1630,2010
73941,2010
73736,2010
49902,2010
79642,2010
105373,2010
9937,2010
73512,2010
52874,2010
44435,2010
73610,2010
1629,2010
72904,2010
73667,2010
73065,2010
15425,2010
15469,2010
1521,2010
15347,2010
58228,2010
72913,2010
94424,2010
67671,2010
49934,2010
67670,2010
9865,2010
97448,2010
111388,2010
9957,2010
15551,2010
15608,2010
15625,2010
52846,2010
72874,2010
73496,2010
97332,2010
94388,2010
79738,2010
97471,2010
10008,2010
15620,2010
94396,2010
59593,2010
15487,2010
100154,2010
59587,2010
87508,2010
67767,2010
86064,2010
67659,2010
67691,2010
85942,2010
55914,2010
23094,2010
86156,2010
86158,2010
79791,2010
79969,2010
1293,2010
52845,2010
67715,2010
67718,2010
107818,2010
55901,2010
73148,2010
107829,2010
55889,2010
72995,2010
15405,2010
94431,2010
73308,2010
100170,2010
73857,2010
86094,2010
22608,2010
9810,2010
58229,2010
73044,2010
80039,2010
22737,2010
73094,2010
22646,2010
58289,2010
9858,2010
23010,2010
9751,2010
9979,2010
23158,2010
52744,2010
9877,2010
22760,2010
97409,2010
59687,2010
97474,2010
9889,2010
9832,2010
73246,2010
109702,2010
88940,2010
52600,2010
46069,2010
73959,2010
59663,2010
73783,2010
35255,2010
73817,2010
79888,2010
61899,2010
117456,2010
50107,2010
50103,2010
61841,2010
66617,2010
67680,2010
58108,2010
49896,2010
95787,2010
95822,2010
52672,2010
61756,2010
95715,2010
73661,2010
46064,2010
72967,2010
58280,2010
66341,2010
97455,2010
15435,2010
97452,2010
73234,2010
52608,2010
79582,2010
105356,2010
49886,2010
73387,2010
79875,2010
79940,2010
109443,2010
22717,2010
73286,2010
50057,2010
73504,2010
50003,2010
49890,2010
88800,2010
15411,2010
58199,2010
88914,2010
88893,2010
85956,2010
85901,2010
72870,2010
97386,2010
73349,2010
61876,2010
59570,2010
61878,2010
79682,2010
73579,2010
35327,2010
22977,2010
52624,2010
100208,2010
52546,2010
73012,2010
117464,2010
85895,2010
1643,2010
105194,2010
55880,2010
49972,2010
55892,2010
58943,2010
49990,2010
58147,2010
52637,2010
15686,2010
86173,2010
118478,2010
61764,2010
67692,2010
107827,2010
46052,2010
58316,2010
15458,2010
52786,2010
46027,2010
73061,2010
85922,2010
73081,2010
87465,2010
22552,2010
22901,2010
73478,2010
23038,2010
73626,2010
9951,2010
22674,2010
46035,2010
15529,2010
73766,2010
22525,2010
52550,2010
109453,2010
66351,2010
58367,2010
58205,2010
61940,2010
73855,2010
58259,2010
52551,2010
73830,2010
1588,2010
109463,2010
15617,2010
73874,2010
117475,2010
22802,2010
1480,2010
22632,2010
85946,2010
85947,2010
85958,2010
86031,2010
87497,2010
15394,2010
58109,2010
73961,2010
112754,2010
15439,2010
22693,2010
86087,2010
1483,2010
22824,2010
22892,2010
46068,2010
58393,2010
73172,2010
73709,2010
86061,2010
86101,2010
88887,2010
58324,2010
22526,2010
15600,2010
73560,2010
95753,2010
72914,2010
73416,2010
35202,2010
52649,2010
58154,2010
73933,2010
97415,2010
15561,2010
35310,2010
88956,2010
79728,2010
86003,2010
105227,2010
9791,2010
22563,2010
22774,2010
35309,2010
22833,2010
58159,2010
58227,2010
79973,2010
73386,2010
59603,2010
87496,2010
97491,2010
112795,2010
118384,2010
88849,2010
15427,2010
46030,2010
118391,2010
58141,2010
58319,2010
46101,2010
118398,2010
52759,2010
73095,2010
95782,2010
112771,2010
73810,2010
66335,2010
72910,2010
61243,2010
105192,2010
107805,2010
22633,2010
61249,2010
73180,2010
109700,2010
79821,2010
73252,2010
73164,2010
97418,2010
73242,2010
58269,2010
61840,2010
79618,2010
109456,2010
73000,2010
52783,2010
15683,2010
22753,2010
15582,2010
118422,2010
73802,2010
73492,2010
79754,2010
88979,2010
15492,2010
23120,2010
105191,2010
73925,2010
88917,2010
22980,2010
58981,2010
73853,2010
105358,2010
109459,2010
118399,2010
109458,2010
61795,2010
67721,2010
73096,2010
73175,2010
73542,2010
22530,2010
86001,2010
22883,2010
95730,2010
22725,2010
73270,2010
15350,2010
15661,2010
22670,2010
23033,2010
61905,2010
72864,2010
72992,2010
73211,2010
73290,2010
73938,2010
79711,2010
79889,2010
94405,2010
95813,2010
94393,2010
79713,2010
49914,2010
52717,2010
15631,2010
15642,2010
23041,2010
23126,2010
23155,2010
50116,2010
61809,2010
72853,2010
72920,2010
72946,2010
73007,2010
73613,2010
86153,2010
23079,2010
107813,2010
52622,2010
73160,2010
79913,2010
61835,2010
73630,2010
58272,2010
49960,2010
79818,2010
73750,2010
73946,2010
73641,2010
52587,2010
95809,2010
15580,2010
23148,2010
58225,2010
72937,2010
73087,2010
73501,2010
73719,2010
73937,2010
79579,2010
55890,2010
73503,2010
73915,2010
80045,2010
72989,2010
1394,2010
117455,2010
73634,2010
95717,2010
73153,2010
15468,2010
22685,2010
105184,2010
58370,2010
23075,2010
50029,2010
88828,2010
117449,2010
15357,2010
58260,2010
59651,2010
112779,2010
1574,2010
73251,2010
1596,2010
15319,2010
15639,2010
22899,2010
61910,2010
66350,2010
73156,2010
73831,2010
105180,2010
106082,2010
79776,2010
15571,2010
49926,2010
58366,2010
79917,2010
118475,2010
118462,2010
73254,2010
102478,2010
97314,2010
49897,2010
100249,2010
118377,2010
73221,2010
52701,2010
107824,2010
58185,2010
22942,2010
100246,2010
94413,2010
52563,2010
22846,2010
73035,2010
15699,2010
23062,2010
50105,2010
73219,2010
73348,2010
86075,2010
86129,2010
58238,2010
58200,2010
94383,2010
15695,2010
22618,2010
72851,2010
73639,2010
73886,2010
85935,2010
86052,2010
58237,2010
22832,2010
15694,2010
49895,2010
73205,2010
73746,2010
22588,2010
61259,2010
73325,2010
52539,2010
52782,2010
73408,2010
105237,2010
73795,2010
9904,2010
105224,2010
73835,2010
73550,2010
1388,2010
52731,2010
73966,2010
52526,2010
52489,2010
52851,2010
73888,2010
73505,2010
73581,2010
97419,2010
72983,2010
23081,2010
9870,2010
23053,2010
22617,2010
106040,2010
52511,2010
23163,2010
9775,2010
22602,2010
73163,2010
61781,2010
52708,2010
22735,2010
73629,2010
22706,2010
97441,2010
35211,2010
22749,2010
86021,2010
61779,2010
97411,2010
52505,2010
52670,2010
52603,2010
9991,2010
97378,2010
79545,2010
52512,2010
23045,2010
52801,2010
9798,2010
9844,2010
97454,2010
9759,2010
59619,2010
44393,2010
52495,2010
73166,2010
73895,2010
9996,2010
94428,2010
22886,2010
35282,2010
73740,2010
52534,2010
85993,2010
22918,2010
22850,2010
44419,2010
52727,2010
73958,2010
59694,2010
94425,2010
61970,2010
61965,2010
73060,2010
86131,2010
67811,2010
87517,2010
100204,2010
109457,2010
73281,2010
22580,2010
73313,2010
73715,2010
79535,2010
72855,2010
112762,2010
1417,2010
73209,2010
117474,2010
73967,2010
73047,2010
73190,2010
73390,2010
58242,2010
73403,2010
73971,2010
22768,2010
1439,2010
72971,2010
73045,2010
73339,2010
73363,2010
73370,2010
73514,2010
73547,2010
73670,2010
73907,2010
73914,2010
15570,2010
1434,2010
15553,2010
58310,2010
73473,2010
73675,2010
79939,2010
107832,2010
52828,2010
73973,2010
52816,2010
72820,2010
88923,2010
61778,2010
117469,2010
46014,2010
88861,2010
22920,2010
52572,2010
73606,2010
52702,2010
9806,2010
52574,2010
97420,2010
67810,2010
58271,2010
49939,2010
46062,2010
86008,2010
22805,2010
52651,2010
52808,2010
61267,2010
22698,2010
73105,2010
46066,2010
58104,2010
73049,2010
72944,2010
109695,2010
35259,2010
66649,2010
100234,2010
66670,2010
9861,2010
105346,2010
73836,2010
52832,2010
79690,2010
59571,2010
79631,2010
109692,2010
10004,2010
35207,2010
73301,2010
105376,2010
22592,2010
49877,2010
52665,2010
50048,2010
85894,2010
105374,2010
59660,2010
79773,2010
61256,2010
58953,2010
22873,2010
61807,2010
49938,2010
105348,2010
95709,2010
1450,2010
105357,2010
85908,2010
73544,2010
105350,2010
91970,2010
22569,2010
59576,2010
72988,2010
73953,2010
100203,2010
1538,2010
22990,2010
15371,2010
1495,2010
52683,2010
86046,2010
73772,2010
49987,2010
73848,2010
67668,2010
55909,2010
1598,2010
15643,2010
22932,2010
49937,2010
73865,2010
15312,2010
67805,2010
100156,2010
100219,2010
88854,2010
44452,2010
49936,2010
61791,2010
49912,2010
15338,2010
1389,2010
1452,2010
15443,2010
15644,2010
15690,2010
22812,2010
44414,2010
49931,2010
50071,2010
50095,2010
52802,2010
58946,2010
73057,2010
73154,2010
73431,2010
85957,2010
85959,2010
86145,2010
94391,2010
52632,2010
9814,2010
61863,2010
59588,2010
15354,2010
73689,2010
22640,2010
22751,2010
61261,2010
15372,2010
79942,2010
9989,2010
95718,2010
80107,2010
88882,2010
61271,2010
58106,2010
22926,2010
15422,2010
79541,2010
88834,2010
109690,2010
15402,2010
15532,2010
15691,2010
22691,2010
58088,2010
61252,2010
61804,2010
61891,2010
72823,2010
72839,2010
73283,2010
73299,2010
73497,2010
73788,2010
73934,2010
9901,2010
85912,2010
88888,2010
88943,2010
105354,2010
52666,2010
66332,2010
49998,2010
79639,2010
66613,2010
49899,2010
105351,2010
109696,2010
111415,2010
109697,2010
49918,2010
22687,2010
58101,2010
9919,2010
49976,2010
88842,2010
52809,2010
73341,2010
1347,2010
1395,2010
15467,2010
15564,2010
79721,2010
73097,2010
9760,2010
58107,2010
95781,2010
73300,2010
22744,2010
52629,2010
15574,2010
9960,2010
88870,2010
85974,2010
58121,2010
15437,2010
1519,2010
97351,2010
15649,2010
88928,2010
1520,2010
44370,2010
22536,2010
59572,2010
50045,2010
66337,2010
66347,2010
23027,2010
58110,2010
97327,2010
79872,2010
85930,2010
100224,2010
73459,2010
9918,2010
88845,2010
1368,2010
15470,2010
15483,2010
15693,2010
22898,2010
23029,2010
52605,2010
58263,2010
58358,2010
58999,2010
59657,2010
61926,2010
66339,2010
73157,2010
73655,2010
73847,2010
9971,2010
95770,2010
97431,2010
15628,2010
52556,2010
46013,2010
22865,2010
52644,2010
88922,2010
50109,2010
61254,2010
73981,2010
86125,2010
88889,2010
88898,2010
15456,2010
9863,2010
44421,2010
59697,2010
22818,2010
58136,2010
9776,2010
52617,2010
73807,2010
44403,2010
66612,2010
97433,2010
79845,2010
79946,2010
105353,2010
58984,2010
109462,2010
52564,2010
102473,2010
95735,2010
1700,2010
23154,2010
79507,2010
80012,2010
97483,2010
107806,2010
118381,2010
52601,2010
58345,2010
46010,2010
66336,2010
50076,2010
80028,2010
22586,2010
80008,2010
94404,2010
61241,2010
94427,2010
58373,2010
44425,2010
46091,2010
52837,2010
79506,2010
88815,2010
97391,2010
9882,2010
22936,2010
79848,2010
103861,2010
88824,2010
15331,2010
88915,2010
97469,2010
15408,2010
73465,2010
59681,2010
59666,2010
86020,2010
15366,2010
88919,2010
9873,2010
9958,2010
85978,2010
85982,2010
85906,2010
35260,2010
73080,2010
73323,2010
22720,2010
15659,2010
58253,2010
23035,2010
61901,2010
22662,2010
73614,2010
59584,2010
72902,2010
73527,2010
86082,2010
73659,2010
46032,2010
86084,2010
58425,2010
22889,2010
85920,2010
58092,2010
58408,2010
95786,2010
95826,2010
94415,2010
73421,2010
86109,2010
87478,2010
52690,2010
91985,2010
100238,2010
22790,2010
58220,2010
100193,2010
73192,2010
22796,2010
22986,2010
86105,2010
22671,2010
88796,2010
9773,2010
9764,2010
22557,2010
22869,2010
100202,2010
73071,2010
23049,2010
72929,2010
52703,2010
22943,2010
52614,2010
58436,2010
59655,2010
72873,2010
72922,2010
72926,2010
73109,2010
73724,2010
9934,2010
86028,2010
97388,2010
22974,2010
44429,2010
73491,2010
52755,2010
88983,2010
22825,2010
22911,2010
50092,2010
35251,2010
35250,2010
73067,2010
73456,2010
79839,2010
86108,2010
73696,2010
10011,2010
22596,2010
52516,2010
9742,2010
61909,2010
52659,2010
15583,2010
22937,2010
15475,2010
15682,2010
49967,2010
66326,2010
22672,2010
52775,2010
66342,2010
49965,2010
58281,2010
72895,2010
73712,2010
73074,2010
1367,2010
22829,2010
61257,2010
105203,2010
9740,2010
95821,2010
9969,2010
59601,2010
73600,2010
22851,2010
72847,2010
79785,2010
23066,2010
86063,2010
22636,2010
22799,2010
67687,2010
22656,2010
9783,2010
52857,2010
72941,2010
52815,2010
67705,2010
67802,2010
22658,2010
88831,2010
55888,2010
50075,2010
15514,2010
22715,2010
52664,2010
73754,2010
73955,2010
9891,2010
100175,2010
22778,2010
52671,2010
73018,2010
15563,2010
73737,2010
52781,2010
35216,2010
52678,2010
44413,2010
9880,2010
22757,2010
15593,2010
58130,2010
35246,2010
22935,2010
52541,2010
44443,2010
58114,2010
59661,2010
80051,2010
22776,2010
1507,2010
22733,2010
23072,2010
88837,2010
58389,2010
23109,2010
73460,2010
1489,2010
49917,2010
79835,2010
46002,2010
73762,2010
22962,2010
58224,2010
22561,2010
22991,2010
46079,2010
88798,2010
15447,2010
23070,2010
35206,2010
59692,2010
58090,2010
9860,2010
9943,2010
94411,2010
58329,2010
9840,2010
52861,2010
22859,2010
22957,2010
88876,2010
100222,2010
58349,2010
35217,2010
35328,2010
80101,2010
58135,2010
1352,2010
72959,2010
73146,2010
73285,2010
58158,2010
73476,2010
88869,2010
22801,2010
1513,2010
88942,2010
22613,2010
49949,2010
86081,2010
22976,2010
44418,2010
9874,2010
105225,2010
58297,2010
23040,2010
73741,2010
22798,2010
52636,2010
111399,2010
117441,2010
88813,2010
9897,2010
44444,2010
52750,2010
22558,2010
15409,2010
58431,2010
73921,2010
46076,2010
22794,2010
52794,2010
52510,2010
73449,2010
61263,2010
88880,2010
73526,2010
22897,2010
73662,2010
100220,2010
22686,2010
15533,2010
72835,2010
46047,2010
79858,2010
1583,2010
58187,2010
9799,2010
22858,2010
9884,2010
52536,2010
52592,2010
58293,2010
1517,2010
88811,2010
94401,2010
22871,2010
105201,2010
79564,2010
91976,2010
107802,2010
15656,2010
58176,2010
72816,2010
107823,2010
73969,2010
9869,2010
58246,2010
100235,2010
87504,2010
100169,2010
73327,2010
52609,2010
105205,2010
15428,2010
58236,2010
52586,2010
73680,2010
86152,2010
73171,2010
61270,2010
35227,2010
22738,2010
59608,2010
1509,2010
88868,2010
58949,2010
73006,2010
15365,2010
58982,2010
22868,2010
59599,2010
23130,2010
72916,2010
22944,2010
9903,2010
23031,2010
15410,2010
86073,2010
73248,2010
15382,2010
22597,2010
117461,2010
9738,2010
15521,2010
59595,2010
72827,2010
59690,2010
44369,2010
22989,2010
52548,2010
15403,2010
107831,2010
73812,2010
22639,2010
15390,2010
88916,2010
95772,2010
35324,2010
9748,2010
22885,2010
52811,2010
35215,2010
15626,2010
73436,2010
9774,2010
52488,2010
73916,2010
73425,2010
58179,2010
58265,2010
100245,2010
73117,2010
22965,2010
88934,2010
9845,2010
100159,2010
1299,2010
1358,2010
58378,2010
46063,2010
44437,2010
15562,2010
72840,2010
22657,2010
86134,2010
23124,2010
46098,2010
1487,2010
22728,2010
100181,2010
9794,2010
52674,2010
1362,2010
15501,2010
46096,2010
100153,2010
73729,2010
9807,2010
88907,2010
111394,2010
88974,2010
1401,2010
52684,2010
46025,2010
72825,2010
79849,2010
15362,2010
22704,2010
23034,2010
95750,2010
105214,2010
109450,2010
105182,2010
111410,2010
15660,2010
9797,2010
1539,2010
1384,2010
9823,2010
10012,2010
22664,2010
15627,2010
52840,2010
88886,2010
46118,2010
52792,2010
9847,2010
1567,2010
66647,2010
22870,2010
22714,2010
88835,2010
22844,2010
58395,2010
1349,2010
15645,2010
23138,2010
35229,2010
52872,2010
58273,2010
73453,2010
9763,2010
9995,2010
88855,2010
88871,2010
100183,2010
100201,2010
88989,2010
52814,2010
23008,2010
59646,2010
1374,2010
23084,2010
1482,2010
22595,2010
52547,2010
46031,2010
100171,2010
22797,2010
46018,2010
9757,2010
22956,2010
1628,2010
59620,2010
9915,2010
44451,2010
1333,2010
22566,2010
58170,2010
9732,2010
97397,2010
22527,2010
1560,2010
22759,2010
23069,2010
23140,2010
52876,2010
80108,2010
35210,2010
52625,2010
52506,2010
52742,2010
1446,2010
22653,2010
44423,2010
88858,2010
85913,2010
23048,2010
100248,2010
52618,2010
52575,2010
23047,2010
9792,2010
1514,2010
1363,2010
52643,2010
46003,2010
88795,2010
1400,2010
22538,2010
22857,2010
1658,2010
1376,2010
1406,2010
1454,2010
1635,2010
15353,2010
15589,2010
22746,2010
22970,2010
22987,2010
23063,2010
35223,2010
46071,2010
46089,2010
55900,2010
58951,2010
72836,2010
73398,2010
73490,2010
73566,2010
73748,2010
79857,2010
88913,2010
88936,2010
100190,2010
58241,2010
88874,2010
88991,2010
46022,2010
52522,2010
52758,2010
97412,2010
22529,2010
52627,2010
9779,2010
52667,2010
9885,2010
35188,2010
22612,2010
52722,2010
35196,2010
44428,2010
58960,2010
55886,2010
22813,2010
46067,2010
22607,2010
1550,2010
1602,2010
1676,2010
15515,2010
23043,2010
44381,2010
52581,2010
52640,2010
9822,2010
79761,2010
58188,2010
22971,2010
61251,2010
88921,2010
22761,2010
22995,2010
46051,2010
44377,2010
22619,2010
9743,2010
9849,2010
9772,2010
52491,2010
22702,2010
9778,2010
22660,2010
15316,2010
1499,2010
15415,2010
52508,2010
9833,2010
85892,2010
109442,2010
100242,2010
1572,2010
35305,2010
1321,2010
88920,2010
88992,2010
46102,2010
15373,2010
73223,2010
88946,2010
45995,2010
22880,2010
22841,2010
52552,2010
22579,2010
1605,2010
1329,2010
46055,2010
9908,2010
22710,2010
46065,2010
52772,2010
10000,2010
22953,2010
58417,2010
73488,2010
15489,2010
52709,2010
9734,2010
52687,2010
1497,2010
1653,2010
1500,2010
1610,2010
1660,2010
52650,2010
88816,2010
44432,2010
88997,2010
1600,2010
46036,2010
9899,2010
52679,2010
88935,2010
9767,2010
9755,2010
1601,2010
9766,2010
73963,2010
22610,2010
44380,2010
15688,2010
1591,2010
88894,2010
22867,2010
1382,2010
15378,2010
22743,2010
22999,2010
35221,2010
52606,2010
59670,2010
9980,2010
22792,2010
97358,2010
9932,2010
9788,2010
100164,2010
22634,2010
15651,2010
88985,2010
22994,2010
15393,2010
52570,2010
22652,2010
58183,2010
106029,2010
35238,2010
22713,2010
15464,2010
22535,2010
46005,2010
49911,2010
9852,2010
88843,2010
9998,2010
15448,2010
100165,2010
46023,2010
46021,2010
1594,2010
58938,2010
1372,2010
58940,2010
22896,2010
9770,2010
9811,2010
59618,2010
80004,2010
88993,2010
35307,2010
22959,2010
73518,2010
9800,2010
72998,2010
35291,2010
58126,2010
22543,2010
88924,2010
88998,2010
52660,2010
52524,2010
44390,2010
1595,2010
35293,2010
35174,2010
22855,2010
22823,2010
1297,2010
15379,2010
35298,2010
105364,2010
15459,2010
52662,2010
1579,2010
88984,2010
49977,2010
1301,2010
1355,2010
1371,2010
1373,2010
1490,2010
1534,2010
1617,2010
1649,2010
1652,2010
1654,2010
1667,2010
1688,2010
15333,2010
15519,2010
15676,2010
22564,2010
22836,2010
22954,2010
22975,2010
23136,2010
35175,2010
35258,2010
35289,2010
44422,2010
44441,2010
46028,2010
46078,2010
49889,2010
49975,2010
50106,2010
52639,2010
52688,2010
52741,2010
52764,2010
52821,2010
52831,2010
55883,2010
55902,2010
58151,2010
58219,2010
58270,2010
58382,2010
59569,2010
59575,2010
59641,2010
59684,2010
59701,2010
61247,2010
66648,2010
72845,2010
72948,2010
72953,2010
73271,2010
73279,2010
73280,2010
73409,2010
73732,2010
73745,2010
79747,2010
9790,2010
85893,2010
85933,2010
85937,2010
86010,2010
86128,2010
88881,2010
89000,2010
89001,2010
94389,2010
97438,2010
103870,2010
112798,2010
117460,2010
15496,2010
52757,2010
58294,2010
88839,2010
94399,2010
1597,2010
23002,2010
46090,2010
52839,2010
59665,2010
73974,2010
100210,2010
88878,2010
9997,2010
9726,2010
15330,2010
22827,2010
52530,2010
94417,2010
79850,2010
97322,2010
80071,2010
22726,2010
100151,2010
59600,2010
88836,2010
1377,2010
23056,2010
59568,2010
86112,2010
106094,2010
22978,2010
86027,2010
23108,2010
100189,2010
105207,2010
22764,2010
35197,2010
88994,2010
9929,2010
35234,2010
35317,2010
22577,2010
88971,2010
52589,2010
22895,2010
52517,2010
44401,2010
22931,2010
9892,2010
35208,2010
35269,2010
55896,2010
22523,2010
22576,2010
1475,2010
52721,2010
52771,2010
9825,2010
22532,2010
15318,2010
15308,2010
1647,2010
22839,2010
22531,2010
44420,2010
58308,2010
88987,2010
9756,2010
44378,2010
1403,2010
1569,2010
15530,2010
23037,2010
23112,2010
23119,2010
35226,2010
35280,2010
44391,2010
52528,2010
52628,2010
55897,2010
58131,2010
59645,2010
72884,2010
73186,2010
73426,2010
73516,2010
73604,2010
73642,2010
9804,2010
9846,2010
9881,2010
9992,2010
22946,2010
44368,2010
52604,2010
88877,2010
22647,2010
52735,2010
52751,2010
15351,2010
52568,2010
35177,2010
88794,2010
15364,2010
88925,2010
22960,2010
88897,2010
15512,2010
15360,2010
58353,2010
22912,2010
15516,2010
22655,2010
15343,2010
52485,2010
88978,2010
46004,2010
58184,2010
15341,2010
1603,2010
22967,2010
23024,2010
35290,2010
50044,2010
58196,2010
58336,2010
73678,2010
88825,2010
23142,2010
46033,2010
22589,2010
79777,2010
59629,2010
15391,2010
59698,2010
73139,2010
1566,2010
52559,2010
1360,2010
22708,2010
73375,2010
52675,2010
22585,2010
46117,2010
52804,2010
88801,2010
52803,2010
88832,2010
88891,2010
44365,2010
52487,2010
112789,2010
9945,2010
22952,2010
58102,2010
9999,2010
52590,2010
22654,2010
9745,2010
58961,2010
35171,2010
59610,2010
9944,2010
9887,2010
44424,2010
35274,2010
9890,2010
105231,2010
9987,2010
35271,2010
9888,2010
1387,2010
1611,2010
1625,2010
15658,2010
52806,2010
58213,2010
58244,2010
9950,2010
9976,2010
88926,2010
88911,2010
52720,2010
52779,2010
88918,2010
58178,2010
1578,2010
35314,2010
22736,2010
59643,2010
73470,2010
105188,2010
88906,2010
22521,2010
35231,2010
9771,2010
52658,2010
22893,2010
52616,2010
58359,2010
52867,2010
22731,2010
52520,2010
35321,2010
52710,2010
15380,2010
58091,2010
22643,2010
52595,2010
15567,2010
22721,2010
9808,2010
22740,2010
58095,2010
9818,2010
9978,2010
22591,2010
15650,2010
59633,2010
9913,2010
15400,2010
1661,2010
23061,2010
15440,2010
88912,2010
1296,2010
73923,2010
22955,2010
22675,2010
35165,2010
22606,2010
15314,2010
9843,2010
46075,2010
88988,2010
9868,2010
35296,2010
9988,2010
1323,2010
1324,2010
1380,2010
1437,2010
1608,2010
1623,2010
1627,2010
15421,2010
15497,2010
15527,2010
22590,2010
22680,2010
22719,2010
22961,2010
23000,2010
23017,2010
23054,2010
23085,2010
23144,2010
44367,2010
52784,2010
58193,2010
59632,2010
73174,2010
73574,2010
73691,2010
9768,2010
9826,2010
9947,2010
86096,2010
86122,2010
106028,2010
112790,2010
9731,2010
9729,2010
9753,2010
9730,2010
46041,2010
22834,2010
94402,2010
35182,2010
58416,2010
59613,2010
23125,2010
1681,2010
35212,2010
35218,2010
52623,2010
9926,2010
35198,2010
9769,2010
1526,2010
52661,2010
88853,2010
15375,2010
88999,2010
15404,2010
35253,2010
52704,2010
46034,2010
9940,2010
23067,2010
52810,2010
9990,2010
1451,2010
88820,2010
1562,2010
52646,2010
9733,2010
88804,2010
1339,2010
106027,2010
59622,2010
22921,2010
58394,2010
52733,2010
35263,2010
58267,2010
45998,2010
1580,2010
9914,2010
58381,2010
46026,2010
58182,2010
59597,2010
9758,2010
46042,2010
59598,2010
15525,2010
73241,2010
59579,2010
15420,2010
44427,2010
49875,2010
95745,2010
15535,2010
58376,2010
22676,2010
79567,2010
1369,2010
44438,2010
88905,2010
44431,2010
1690,2010
88959,2010
100180,2010
88939,2010
15311,2010
22605,2010
100212,2010
1546,2010
15407,2010
88838,2010
22541,2010
9855,2010
52613,2010
15557,2010
23059,2010
52749,2010
52841,2010
88805,2010
73319,2010
22863,2010
15359,2010
105355,2010
22815,2010
15356,2010
46074,2010
46019,2010
9924,2010
15460,2010
15450,2010
15436,2010
97473,2010
52725,2010
88850,2010
52612,2010
59653,2010
88864,2010
22758,2010
52642,2010
1424,2010
1476,2010
1586,2010
1620,2010
1624,2010
1666,2010
1673,2010
15313,2010
15531,2010
15539,2010
15558,2010
15616,2010
15630,2010
15679,2010
22614,2010
22716,2010
22817,2010
22888,2010
22928,2010
22997,2010
23028,2010
23090,2010
23092,2010
23122,2010
35243,2010
35273,2010
35276,2010
44366,2010
44386,2010
46061,2010
46082,2010
49876,2010
50108,2010
52483,2010
52593,2010
52607,2010
52838,2010
58122,2010
58207,2010
58248,2010
58256,2010
58424,2010
58929,2010
73008,2010
73189,2010
73262,2010
73424,2010
73446,2010
73479,2010
73532,2010
73631,2010
73632,2010
73679,2010
73761,2010
73785,2010
73896,2010
9793,2010
85976,2010
88807,2010
88904,2010
88927,2010
88954,2010
88961,2010
88970,2010
88972,2010
94394,2010
95777,2010
100162,2010
105368,2010
23032,2010
35285,2010
88982,2010
46017,2010
52567,2010
9912,2010
46114,2010
22546,2010
22684,2010
35306,2010
52588,2010
88827,2010
9878,2010
46097,2010
22809,2010
52513,2010
88949,2010
59652,2010
105361,2010
85988,2010
35244,2010
22688,2010
105226,2010
35178,2010
52529,2010
73706,2010
52766,2010
52591,2010
1501,2010
73563,2010
22694,2010
46060,2010
46072,2010
35220,2010
44416,2010
44446,2010
46093,2010
22864,2010
88851,2010
15392,2010
35277,2010
73144,2010
9781,2010
58318,2010
46029,2010
52729,2010
58096,2010
88808,2010
52652,2010
88902,2010
22907,2010
1473,2010
15652,2010
22628,2010
22699,2010
22811,2010
35294,2010
46073,2010
49883,2010
52504,2010
52734,2010
59596,2010
59654,2010
72876,2010
73040,2010
73078,2010
73091,2010
73179,2010
73537,2010
73672,2010
73749,2010
85967,2010
88938,2010
88966,2010
97379,2010
23147,2010
44445,2010
59699,2010
58348,2010
58264,2010
45996,2010
58245,2010
58392,2010
73330,2010
15502,2010
22847,2010
94406,2010
52696,2010
44382,2010
52602,2010
88848,2010
22559,2010
46037,2010
22917,2010
97357,2010
100226,2010
44384,2010
35292,2010
88980,2010
86011,2010
22571,2010
22872,2010
58089,2010
22925,2010
88847,2010
52739,2010
9842,2010
52554,2010
15504,2010
46087,2010
105209,2010
1484,2010
1663,2010
15310,2010
35315,2010
44408,2010
44411,2010
46099,2010
58414,2010
94385,2010
15471,2010
59640,2010
10006,2010
44387,2010
52754,2010
105204,2010
102486,2010
94403,2010
22789,2010
73947,2010
52798,2010
58285,2010
22718,2010
88945,2010
46038,2010
106089,2010
94400,2010
97425,2010
22697,2010
103874,2010
58145,2010
44430,2010
1366,2010
22785,2010
22831,2010
23052,2010
46077,2010
50080,2010
50081,2010
58307,2010
79580,2010
79584,2010
86022,2010
86037,2010
86056,2010
88890,2010
100163,2010
105345,2010
105360,2010
118470,2010
73658,2010
52812,2010
72930,2010
44399,2010
1573,2010
1375,2010
35286,2010
35193,2010
22891,2010
23057,2010
100244,2010
1496,2010
35194,2010
15320,2010
79956,2010
35173,2010
9828,2010
112838,2010
52680,2010
52515,2010
9752,2010
1378,2010
88857,2010
44376,2010
9796,2010
35295,2010
35272,2010
107834,2010
15348,2010
105198,2010
52542,2010
9898,2010
9973,2010
22800,2010
52791,2010
1466,2010
88899,2010
9967,2010
22933,2010
44374,2010
35192,2010
1310,2010
1404,2010
1419,2010
1421,2010
1428,2010
1431,2010
1440,2010
1506,2010
1530,2010
1656,2010
15441,2010
15507,2010
15526,2010
22763,2010
23132,2010
23133,2010
58168,2010
66324,2010
73052,2010
73184,2010
73222,2010
73684,2010
73796,2010
73919,2010
9862,2010
9893,2010
88866,2010
94418,2010
100188,2010
112847,2010
88990,2010
97323,2010
49893,2010
1307,2010
22681,2010
44388,2010
58169,2010
9948,2010
58163,2010
52778,2010
35261,2010
50070,2010
52484,2010
52761,2010
58137,2010
73423,2010
73573,2010
105208,2010
107816,2010
112820,2010
118418,2010
15370,2010
22645,2010
15590,2010
94421,2010
88819,2010
107836,2010
100243,2010
100216,2010
100247,2010
1311,2010
9739,2010
22786,2010
44409,2010
1541,2010
22603,2010
15455,2010
52571,2010
88995,2010
88883,2010
80104,2010
52494,2010
44410,2010
1432,2010
15377,2010
97330,2010
15624,2010
106092,2010
22879,2010
9803,2010
35275,2010
15355,2010
97374,2010
35240,2010
58215,2010
15327,2010
22601,2010
52797,2010
23149,2010
22582,2010
1420,2010
1427,2010
1527,2010
1537,2010
1558,2010
1638,2010
15623,2010
23003,2010
23082,2010
35199,2010
35245,2010
46045,2010
46083,2010
49910,2010
49986,2010
52493,2010
52555,2010
52732,2010
58201,2010
59585,2010
59611,2010
61245,2010
73402,2010
73677,2010
73769,2010
73968,2010
79793,2010
79927,2010
9744,2010
9879,2010
88856,2010
95720,2010
95728,2010
35287,2010
35278,2010
22730,2010
9816,2010
106061,2010
9941,2010
1523,2010
35288,2010
105206,2010
9737,2010
58197,2010
15536,2010
100241,2010
58124,2010
88930,2010
1309,2010
1592,2010
22703,2010
23123,2010
35167,2010
35323,2010
35329,2010
46092,2010
49940,2010
52823,2010
52824,2010
72984,2010
73366,2010
79512,2010
109698,2010
22821,2010
15342,2010
88812,2010
22545,2010
58320,2010
86103,2010
44426,2010
72850,2010
35249,2010
79632,2010
88846,2010
46011,2010
9961,2010
52756,2010
22616,2010
15451,2010
73623,2010
1697,2010
23100,2010
105197,2010
9813,2010
105218,2010
59650,2010
46039,2010
89021,2010
73413,2010
52827,2010
